Locator,Invoice Date,Number of Tickets,Round Trip Indicator,Travel Sector,Trip Length,Booking Date,Days Advance Booking,Mileage,Cost Per Mile (USD),Total Ticket Amount (USD)
QIFDLE,1/19/2021,1,OS,Intra Country,1,1/19/2021,2,"1,005",$0.40 ,402.66
QIFDLE,1/20/2021,1,RS,Intra Country,2,1/19/2021,1,"2,010",$0.18 ,358.85
TCQSWQ,2/2/2021,1,RS,Intra Country,1,2/1/2021,5,"1,712",$0.32 ,547.57
XVLNTI,2/2/2021,1,RS,Intra Country,1,2/1/2021,5,"1,712",$0.32 ,547.57
WUOSEW,2/2/2021,1,RS,Intra Country,2,2/1/2021,4,"1,712",$0.34 ,574.94
WUOSEW,2/5/2021,1,RS,Intra Country,2,2/1/2021,4,"1,712",$0.09 ,161.28
MMTKTT,2/16/2021,1,RS,Intra Country,2,2/15/2021,2,550,$0.68 ,376.89
GTTIBC,2/17/2021,1,RS,Intra Country,3,2/16/2021,16,931,$0.24 ,218.9
GFCEUQ,2/18/2021,1,OS,Intra Country,1,2/17/2021,17,723,$0.24 ,172.34
GFCEUQ,2/18/2021,1,OS,Intra Country,1,2/17/2021,13,723,$0.22 ,156.65
ILGRUG,2/19/2021,1,OS,Intra Country,1,2/18/2021,4,423,$0.83 ,350.65
HQOUPY,2/19/2021,1,RS,Intra Country,3,2/18/2021,14,"4,075",$0.27 ,1088.42
QQOPVT,2/19/2021,1,OS,Intra Country,1,2/18/2021,6,423,$0.45 ,192.12
TDPTOY,2/23/2021,1,OS,Intra Country,1,2/22/2021,10,723,$0.22 ,159.63
TDPTOY,2/23/2021,1,RS,Intra Country,3,2/22/2021,10,"1,446",$0.09 ,131.31
ADTZGT,2/24/2021,1,RS,Intra Country,2,2/23/2021,10,931,$0.32 ,297.2
GOJWME,3/4/2021,1,RS,Intra Country,2,3/3/2021,7,649,$0.74 ,480.32
LXYBFG,3/10/2021,1,RS,Intra Country,3,3/9/2021,1,931,$0.31 ,288.9
VBGCVU,3/12/2021,1,RS,Intra Country,1,3/11/2021,8,931,$0.34 ,313.53
JWCKSM,3/12/2021,1,RS,Intra Country,5,3/11/2021,4,846,$0.40 ,342.37
HOBWMS,3/17/2021,1,RS,Intra Country,1,3/17/2021,7,931,$0.31 ,290.23
JUWSBH,3/22/2021,1,RS,Intra Country,1,3/21/2021,5,584,$1.13 ,657.35
BTKEPS,3/22/2021,1,RS,Intra Country,2,3/21/2021,5,931,$0.34 ,312.44
VOGCIT,3/22/2021,1,RS,Intra Country,2,3/21/2021,5,931,$0.34 ,312.44
LOXJNX,3/22/2021,1,RS,Intra Country,1,3/21/2021,10,878,$0.60 ,526.08
BTKEPS,3/22/2021,0,RS,Intra Country,2,3/21/2021,5,931, $-   ,0
VOGCIT,3/22/2021,0,RS,Intra Country,2,3/21/2021,5,931, $-   ,0
ZIGPJZ,3/23/2021,1,RS,Intra Country,1,3/22/2021,9,461,$1.35 ,620.94
QSVRWO,3/23/2021,1,OS,Intra Country,1,3/23/2021,4,465,$0.41 ,189.56
QSVRWO,3/23/2021,1,OM,Intra Country,2,3/23/2021,3,739,$0.63 ,465.89
AWYHNP,3/23/2021,1,OM,Intra Country,2,3/23/2021,3,739,$0.74 ,543.48
AWYHNP,3/23/2021,1,OS,Intra Country,1,3/23/2021,4,465,$0.37 ,174.21
AQMIZP,3/23/2021,1,OM,Intra Country,2,3/23/2021,3,739,$0.74 ,543.48
AQMIZP,3/23/2021,1,OS,Intra Country,1,3/23/2021,4,465,$0.37 ,174.21
CINMEK,3/24/2021,1,RS,Intra Country,4,3/24/2021,4,931,$0.51 ,473.74
QDJEJP,3/28/2021,1,RS,Intra Country,5,3/27/2021,1,878,$0.86 ,757.77
LBSCOL,3/28/2021,1,RS,Intra Country,4,3/28/2021,1,931,$0.51 ,475.63
UMYZUC,3/30/2021,1,RS,Intra Country,4,3/29/2021,35,"3,262",$0.23 ,759.96
XLDZUP,3/31/2021,1,RS,Intra Country,5,3/30/2021,6,878,$0.80 ,701.81
XPFJRH,3/31/2021,1,RS,Intra Country,6,3/30/2021,12,878,$0.71 ,620.23
YUEEAF,3/31/2021,1,RS,Intra Country,2,3/30/2021,33,"1,567",$0.52 ,811.18
CQLJLU,4/1/2021,1,RS,Intra Country,3,3/31/2021,5,"3,392",$0.31 ,1062.68
XCHQJY,4/8/2021,1,RS,Intra Country,1,4/7/2021,6,878,$0.59 ,519.45
ZMDZRK,4/8/2021,1,OS,Intra Country,1,4/8/2021,11,292,$1.08 ,315.54
ZMDZRK,4/8/2021,1,OS,Intra Country,1,4/8/2021,11,292,$0.77 ,226.22
BRNJXU,4/9/2021,1,RS,Intra Country,6,4/8/2021,10,878,$0.16 ,137.19
QYJRPK,4/9/2021,1,RS,Intra Country,3,4/8/2021,5,"1,611",$0.09 ,150.99
QYJRPK,4/9/2021,1,OS,Intra Country,1,4/8/2021,7,820,$0.51 ,417.11
EAQLUI,4/11/2021,1,OS,Intra Country,1,4/10/2021,3,790,$0.28 ,218.71
HAMZUF,4/12/2021,1,RS,Intra Country,1,4/11/2021,8,878,$0.59 ,518.13
JHJFZH,4/12/2021,1,RS,Intra Country,3,4/11/2021,16,"1,654",$0.19 ,309.3
ZMDZRK,4/13/2021,1,RS,Intra Country,1,4/8/2021,11,584,$0.54 ,314.88
SDGIAG,4/18/2021,1,OS,Intra Country,1,4/16/2021,6,238,$0.54 ,128.27
SDGIAG,4/18/2021,1,OM,Intra Country,3,4/16/2021,7,"1,115",$0.77 ,856.23
CPUJJA,4/18/2021,1,RS,Intra Country,1,4/17/2021,7,"1,712",$0.33 ,562.66
DJUBBL,4/18/2021,1,RS,Intra Country,2,4/18/2021,1,878,$0.39 ,343.65
QYPLOS,4/19/2021,1,OS,Intra Country,1,4/19/2021,4,397,$0.48 ,191.01
XBGQRI,4/19/2021,1,OS,Intra Country,1,4/19/2021,3,238,$1.32 ,314.85
IKVSQV,4/19/2021,1,RS,Intra Country,2,4/19/2021,4,772,$0.62 ,481.67
TUBVPU,4/20/2021,1,RS,Intra Country,3,4/19/2021,8,"1,723",$0.34 ,577.31
KTBQAC,4/20/2021,1,OS,Intra Country,1,4/20/2021,3,397,$0.58 ,230.93
KTBQAC,4/20/2021,1,OS,Intra Country,1,4/20/2021,4,397,$0.24 ,96.66
UJPONO,4/20/2021,1,OS,Intra Country,1,4/20/2021,3,397,$0.58 ,230.93
UJPONO,4/20/2021,1,OS,Intra Country,1,4/20/2021,4,397,$0.24 ,96.66
KUBBCW,4/20/2021,1,OS,Intra Country,1,4/20/2021,3,397,$0.58 ,230.93
KUBBCW,4/20/2021,1,OS,Intra Country,1,4/20/2021,4,397,$0.24 ,96.66
EESDGK,4/28/2021,1,RS,Intra Country,2,4/27/2021,10,"2,010",$0.20 ,398.39
KSNNBO,4/28/2021,1,RS,Intra Country,2,4/27/2021,10,"2,010",$0.20 ,398.39
HEFHMD,5/5/2021,1,RS,Intra Country,1,5/4/2021,49,455,$0.61 ,276.92
YAKGSU,5/18/2021,1,RS,Intra Country,4,5/17/2021,6,"1,038",$0.62 ,640.21
HUWXDM,5/25/2021,1,RS,Intra Country,2,5/24/2021,10,878,$0.63 ,556.97
UVGCSW,5/25/2021,1,OS,Intra Country,1,5/24/2021,11,423,$0.26 ,111.72
UVGCSW,5/25/2021,1,OS,Intra Country,1,5/24/2021,11,423,$0.32 ,135.04
RWYGLT,5/27/2021,1,OS,Intra Country,1,5/26/2021,9,723,$0.22 ,155.67
RWYGLT,5/27/2021,1,OS,Intra Country,1,5/26/2021,10,723,$0.17 ,122.48
MXVEZQ,5/28/2021,1,RS,Intra Country,2,5/27/2021,5,931,$0.33 ,310.84
MBIJEQ,5/28/2021,1,RS,Intra Country,2,5/27/2021,7,"1,446",$0.37 ,538.22
VVSNRH,5/28/2021,1,OS,Intra Country,1,5/28/2021,6,723,$0.25 ,182.32
MXVEZQ,5/28/2021,0,RS,Intra Country,2,5/27/2021,5,931,$0.03 ,26.7
CYXHUN,5/28/2021,1,RS,Intra Country,1,5/28/2021,8,878,$0.81 ,710.64
CYFIKH,5/28/2021,1,RS,Intra Country,1,5/28/2021,8,878,$0.81 ,710.64
QUXVUS,4/7/2021,1,RS,Intra Country,4,4/7/2021,92,"1,342",$0.27 ,364.29
KJHTXX,4/7/2021,1,OS,Intra Country,1,4/7/2021,94,270,$0.31 ,84.82
QBKWJY,4/7/2021,1,RS,Intra Country,4,4/7/2021,92,"1,342",$0.27 ,364.29
SFMDDH,4/12/2021,1,RS,Intra Country,2,4/12/2021,22,713,$0.40 ,288.73
HYIEAM,4/13/2021,1,RS,Intra Country,3,4/13/2021,86,899,$0.35 ,313.63
QBKWJY,4/16/2021,0,RS,Intra Country,4,4/7/2021,92,"1,342", $-   ,0
MYAEDA,4/19/2021,1,RS,Intra Country,3,4/19/2021,80,927,$0.21 ,198.49
DOYQDA,5/21/2021,1,RS,Intra Continental,3,5/21/2021,14,"2,688",$0.31 ,842.08
RGMUZX,5/21/2021,1,RS,Intra Continental,3,5/21/2021,14,"2,688",$0.31 ,842.08
LEFDDV,5/31/2021,1,RS,Intra Country,3,5/31/2021,38,"1,025",$0.44 ,450.2
KSOVKR,1/22/2021,0,OS,Intra Continental,-1,1/23/2020,-61,-348,$0.42 ,146.25
JNRVMC,1/28/2021,0,RS,Intra Continental,-2,1/24/2020,-59,-416,$0.94 ,391.97
TAPCWC,1/28/2021,0,RS,Intra Continental,-2,1/29/2020,-54,-472,$0.65 ,305.59
HNLFBJ,1/28/2021,0,RS,Intra Continental,-2,1/29/2020,-54,-719,$0.38 ,276.07
KSOVKR,1/30/2021,1,OS,Intra Continental,1,1/23/2020,61,348,$0.42 ,146.25
KSOVKR,1/30/2021,0,OS,Intra Continental,-1,1/23/2020,-61,-348,$0.42 ,146.25
QNYOHE,2/3/2021,0,RS,Intra Continental,-2,2/4/2020,-48,-841,$0.38 ,318.43
XSLDIW,4/22/2021,1,OS,Intra Continental,1,4/22/2021,5,693,$0.44 ,304.33
XSLDIW,4/22/2021,1,OS,Intra Continental,1,4/22/2021,6,575,$0.73 ,417.66
XEFRJG,4/29/2021,1,RS,Intra Continental,2,4/28/2021,5,572,$1.41 ,809.01
KAIAAA,4/29/2021,1,RS,Intra Continental,2,4/28/2021,5,572,$1.41 ,809.01
QRWEGH,1/15/2021,0,RS,Intra Continental,-3,2/10/2020,-48,"-1,312",$0.23 ,304.8
DXUJVC,4/13/2021,1,RS,Intra Continental,3,4/9/2021,5,"1,544",$0.18 ,279.47
UFJIXQ,3/12/2021,1,OS,Intra Country,1,3/12/2021,4,"1,673",$0.29 ,484.73
UFJIXQ,3/12/2021,1,OS,Intra Country,1,3/12/2021,5,"1,673",$0.20 ,335.11
TNTAVH,5/10/2021,1,RS,Intra Country,3,5/10/2021,8,"3,347",$0.77 ,2580.13
TNTAVH,5/19/2021,0,OS,Intra Country,1,5/10/2021,9,"1,673",$0.29 ,480.78
FEIKJK,5/21/2021,0,RS,Intra Continental,-4,5/21/2021,0,"-2,605",$0.24 ,623.1
YMIBAV,5/21/2021,0,RS,Intra Continental,-3,5/21/2021,0,"-2,653",$0.37 ,974.4
ACVHID,5/21/2021,0,OS,Intra Country,-2,5/21/2021,0,-750,$0.25 ,186.48
GWQQZA,5/21/2021,0,RS,Intra Country,-3,5/21/2021,0,"-1,500",$0.46 ,689.9
GWGMGY,5/21/2021,0,RS,Intra Continental,-3,5/21/2021,0,"-2,476",$0.39 ,973.49
JFXRYI,5/25/2021,0,RS,Intra Country,-2,5/25/2021,0,-474,$1.42 ,670.9
DUERLE,5/25/2021,0,RS,Intra Country,-2,5/25/2021,0,-629,$0.53 ,331.71
WSYCHJ,5/27/2021,0,RS,Intra Continental,-4,5/27/2021,0,"-6,773",$0.11 ,722.06
HNRBWX,5/31/2021,0,RS,Intra Continental,-4,5/31/2021,0,"-6,773",$0.11 ,723.43
XMXHZF,1/29/2021,0,RS,Intra Country,-2,7/27/2020,-51,-740,$0.19 ,142.56
KMXCEQ,1/4/2021,1,OS,Intra Country,1,12/23/2020,16,833,$0.39 ,325.82
KMXCEQ,1/4/2021,1,OS,Intra Country,1,12/23/2020,17,833,$0.52 ,432.25
RPXAHO,1/4/2021,1,RS,Intra Country,3,12/29/2020,10,995,$0.71 ,707.45
QHRXDI,1/4/2021,1,RS,Intra Country,2,12/28/2020,53,"4,605",$0.14 ,651.53
AIDRZS,1/4/2021,1,RS,Intra Country,2,12/28/2020,53,"1,367",$0.31 ,425.7
CJFVWL,1/4/2021,1,RS,Intra Country,2,1/4/2021,4,675,$0.85 ,575.03
YDAYNG,1/5/2021,0,RO,Intra Country,2,12/14/2020,23,"1,111",$0.42 ,462.51
EHDYTV,1/5/2021,1,RO,Intra Country,3,1/5/2021,16,"2,714",$1.11 ,3019.8
JNAJCL,1/5/2021,1,RS,Intra Country,2,1/5/2021,8,"2,267",$0.26 ,593.27
XACIWU,1/5/2021,1,OS,Intra Country,1,12/29/2020,31,823,$0.19 ,159.41
XACIWU,1/5/2021,1,OS,Intra Country,1,12/29/2020,31,562,$0.27 ,150.61
JOHBLR,1/6/2021,1,OS,Intra Country,1,1/5/2021,18,"1,241",$0.14 ,176.4
JOHBLR,1/6/2021,1,OS,Intra Country,1,1/5/2021,16,"1,241",$0.31 ,381.33
QDWPKG,1/7/2021,1,RS,Intra Country,4,1/7/2021,14,"2,060",$0.18 ,371.37
EHDYTV,1/8/2021,1,RO,Intra Country,3,1/5/2021,16,"2,714",$1.11 ,3019.8
LUGJQZ,1/8/2021,1,RS,Intra Country,3,1/8/2021,14,"4,553",$0.12 ,532.86
YMEBAL,1/8/2021,1,RS,Intra Country,3,1/8/2021,6,469,$1.47 ,687.03
EHDYTV,1/8/2021,0,RO,Intra Country,-3,1/8/2021,-13,"-2,714",$1.11 ,3019.8
YPROHL,1/11/2021,1,RS,Intra Country,3,1/11/2021,4,"1,016",$0.68 ,694.52
LLYZEN,1/11/2021,1,RS,Intra Country,3,1/8/2021,19,"3,830",$0.19 ,727.99
JFGITB,1/11/2021,1,OS,Intra Country,1,12/22/2020,25,569,$0.75 ,424.17
JFGITB,1/11/2021,1,OS,Intra Country,1,12/22/2020,26,507,$3.04 ,1541.01
TMKHGV,1/11/2021,1,RS,Intra Country,2,1/8/2021,14,"1,736",$0.65 ,1127.04
LIZLHS,1/11/2021,1,RS,Intra Country,2,1/8/2021,19,"3,069",$0.06 ,193.45
TNSLMQ,1/12/2021,1,RS,Intra Country,2,1/11/2021,11,"2,124",$0.17 ,363.32
SYCIWD,1/13/2021,1,RS,Intra Country,3,1/5/2021,16,"2,686",$0.48 ,1280.84
YPROHL,1/13/2021,0,RS,Intra Country,2,1/11/2021,4,"1,016", $-   ,0
TJGCZP,1/13/2021,0,OS,Intra Country,1,1/8/2021,20,"1,145",$0.15 ,171.25
BUELZY,1/13/2021,1,RS,Intra Country,1,1/12/2021,3,510,$0.10 ,49.98
DUSOHL,1/13/2021,1,RS,Intra Country,3,12/22/2020,37,"1,811",$0.09 ,163.95
EHDYTV,1/13/2021,0,RO,Intra Country,-3,1/13/2021,-8,"-2,714",$1.11 ,3019.8
EUPVIH,1/14/2021,1,RS,Intra Country,3,1/13/2021,9,"1,042",$0.29 ,305.01
ZSJNSU,1/14/2021,1,RS,Intra Country,3,1/8/2021,20,"1,341",$0.17 ,225.96
BIGQHC,1/14/2021,1,RS,Intra Country,2,1/12/2021,15,"1,731",$0.46 ,788.31
EWFUNQ,1/14/2021,1,RS,Intra Country,3,1/13/2021,9,"1,042",$0.29 ,304.99
WYNEJT,1/15/2021,1,RS,Intra Country,3,1/12/2021,30,"3,047",$0.11 ,337.53
BSNDRT,1/15/2021,1,RS,Intra Country,4,1/14/2021,7,"2,060",$0.22 ,447.51
FNFUTK,1/15/2021,1,RS,Intra Country,2,1/14/2021,42,"2,156",$0.09 ,193.45
LLYZEN,1/18/2021,0,RS,Intra Country,2,1/8/2021,19,"3,830", $-   ,0
KDXMTI,1/18/2021,1,RS,Intra Country,2,1/15/2021,26,"1,540",$0.09 ,145.77
IDRXAJ,1/18/2021,1,RS,Intra Country,2,1/18/2021,4,737,$0.24 ,173.84
IGMSQZ,1/18/2021,1,OS,Intra Country,1,1/18/2021,32,695,$0.39 ,271.14
IGMSQZ,1/18/2021,1,OS,Intra Country,1,1/18/2021,33,697,$0.47 ,329.94
AIDRZS,1/18/2021,0,RS,Intra Country,-2,1/18/2021,-32,"-1,367",$0.31 ,425.7
UEXVXN,1/20/2021,1,RS,Intra Country,2,1/19/2021,24,"1,202",$0.65 ,778.87
WYWKQY,1/20/2021,1,RS,Intra Country,2,1/20/2021,22,576,$0.26 ,150.32
SUPXMZ,1/20/2021,1,RS,Intra Country,3,1/19/2021,10,761,$0.38 ,289.51
LSGJMP,1/21/2021,0,RS,Intra Country,2,1/14/2021,35,"1,590",$0.04 ,62.78
ZTIMQE,1/21/2021,1,RS,Intra Country,3,1/21/2021,10,"1,979",$0.49 ,968.63
SJNKWP,1/22/2021,0,OM,Intra Country,2,1/20/2021,5,"2,123",$0.07 ,138.66
ZWUSBB,1/22/2021,1,RO,Intra Country,4,1/21/2021,21,"2,698",$0.48 ,1300.28
TMNHLU,1/25/2021,1,RS,Intra Country,3,1/22/2021,20,"2,215",$0.56 ,1232.6
HUALGI,1/25/2021,1,OS,Intra Country,1,1/15/2021,15,"1,368",$0.55 ,753.94
HUALGI,1/25/2021,1,OS,Intra Country,1,1/15/2021,14,"1,068",$0.65 ,694.45
BVWUIZ,1/25/2021,1,RS,Intra Country,3,1/22/2021,5,"1,945",$0.22 ,420.01
BJOJSN,1/25/2021,1,RS,Intra Country,2,1/25/2021,4,"1,576",$0.43 ,674.95
EGDPJA,1/25/2021,1,RS,Intra Country,2,1/22/2021,5,"3,830",$0.31 ,1189.4
YMNXGR,1/25/2021,1,RS,Intra Country,2,1/22/2021,5,"3,830",$0.31 ,1189.4
JXXYIE,1/25/2021,1,OS,Intra Country,1,1/25/2021,3,630,$0.73 ,460.44
YLZHZU,1/25/2021,1,OS,Intra Country,1,1/25/2021,4,"1,068",$0.38 ,410.38
YLZHZU,1/25/2021,1,OS,Intra Country,1,1/25/2021,5,"1,368",$0.30 ,408.88
EUQLUO,1/25/2021,1,OS,Intra Country,1,1/25/2021,4,622,$0.62 ,388.89
GSDAUH,1/26/2021,1,RS,Intra Country,1,1/25/2021,9,567,$0.47 ,267.15
WIAFHT,1/26/2021,1,RS,Intra Country,1,1/25/2021,9,567,$0.47 ,267.15
ALKNQB,1/26/2021,1,RS,Intra Country,2,1/26/2021,58,"3,696",$0.36 ,1333.55
CCDVRR,1/27/2021,1,RS,Intra Country,2,1/26/2021,57,"4,501",$0.18 ,806.91
IQRYXV,1/27/2021,1,RS,Intra Country,2,1/26/2021,58,902,$0.28 ,248.06
EUPKDV,1/27/2021,1,RS,Intra Country,2,1/26/2021,58,902,$0.28 ,248.06
ZQASGE,1/27/2021,1,RS,Intra Country,2,1/26/2021,57,"1,848",$0.37 ,676.69
BUWJQN,1/27/2021,1,RS,Intra Country,2,1/26/2021,57,"4,501",$0.18 ,806.91
EFWMSQ,1/27/2021,1,RS,Intra Country,2,1/26/2021,61,"4,831",$0.20 ,985.27
GKLJUB,1/27/2021,1,RS,Intra Country,2,1/26/2021,61,576,$0.74 ,424.72
DCHCJA,1/28/2021,1,OM,Intra Country,2,1/27/2021,4,"1,796",$0.19 ,337.78
ENEVPG,1/28/2021,1,OM,Intra Country,2,1/27/2021,4,"1,796",$0.19 ,337.78
EOAOWN,1/28/2021,1,OS,Intra Country,1,1/27/2021,16,"1,030",$0.24 ,248.61
QIKJLW,1/28/2021,1,OS,Intra Country,1,12/28/2020,53,"1,043",$0.30 ,314.79
QIKJLW,1/28/2021,1,OS,Intra Country,1,12/28/2020,54,768,$0.50 ,384.1
CHAXMA,1/28/2021,1,RS,Intra Country,2,1/26/2021,61,"1,176",$0.31 ,368.85
IJNVGQ,1/28/2021,1,RS,Intra Country,3,1/28/2021,20,"3,947",$0.28 ,1106.12
DBJZDZ,1/28/2021,1,OS,Intra Country,1,1/28/2021,30,334,$0.98 ,326.73
DBJZDZ,1/28/2021,1,OS,Intra Country,1,1/28/2021,29,334,$0.92 ,307.21
HQXLGD,1/28/2021,1,OS,Intra Country,1,1/28/2021,1,630,$0.71 ,449.52
FDHYIO,1/29/2021,1,OM,Intra Country,3,1/28/2021,29,"4,766",$0.33 ,1589.62
MJQVNM,1/29/2021,1,RS,Intra Country,2,1/29/2021,7,806,$0.80 ,646.5
GSHBIP,1/29/2021,1,OS,Intra Country,1,1/29/2021,5,"1,630",$0.16 ,261.28
WHSLPU,1/29/2021,1,OS,Intra Country,1,1/29/2021,6,515,$0.30 ,152.49
MFSBOL,2/1/2021,1,RS,Intra Country,2,1/26/2021,57,"2,380",$0.24 ,567.78
AKJXJO,2/1/2021,1,RS,Intra Country,2,2/1/2021,10,"1,554",$0.55 ,859.64
WKLXAX,2/1/2021,1,RS,Intra Country,2,1/25/2021,22,999,$0.22 ,221.86
RJSKRI,2/1/2021,1,OS,Intra Country,1,2/1/2021,54,"2,063",$0.18 ,378.96
ALTLTU,2/1/2021,1,OS,Intra Country,1,1/26/2021,59,903,$0.61 ,552.98
FEMVRW,2/2/2021,1,RS,Intra Country,3,1/29/2021,6,"1,016",$0.44 ,445.32
HEMQHU,2/2/2021,1,RS,Intra Country,3,1/29/2021,6,"1,016",$0.68 ,686.46
XGQJMC,2/2/2021,1,OS,Intra Country,1,2/2/2021,10,"1,062",$0.15 ,161.02
XGQJMC,2/2/2021,1,OS,Intra Country,1,2/2/2021,9,"1,016",$0.26 ,261.34
ERDXCN,2/3/2021,1,OS,Intra Country,1,1/26/2021,60,229,$0.63 ,144.02
ERDXCN,2/3/2021,1,OS,Intra Country,1,1/26/2021,59,214,$0.76 ,162.38
MDSOCF,2/3/2021,1,RS,Intra Country,2,1/29/2021,14,"2,084",$1.35 ,2803.2
ZVKWHT,2/3/2021,1,RS,Intra Country,2,2/3/2021,30,"3,164",$0.28 ,889.2
IDEUIM,2/3/2021,1,RS,Intra Country,2,2/3/2021,30,"2,947",$0.22 ,650.11
COHQKS,2/3/2021,1,OS,Intra Country,1,2/3/2021,30,971,$0.26 ,250.2
COHQKS,2/3/2021,1,OS,Intra Country,1,2/3/2021,31,956,$0.23 ,224.12
IDPWMO,2/3/2021,1,RS,Intra Country,2,2/3/2021,30,"2,398",$0.24 ,587.39
AFWSOQ,2/3/2021,1,RS,Intra Country,2,1/27/2021,9,"1,088",$1.09 ,1184.54
WHSLPU,2/4/2021,1,OS,Intra Country,1,1/29/2021,6,"1,487",$0.18 ,262.7
HEMQHU,2/4/2021,0,RS,Intra Country,3,1/29/2021,6,"1,016", $-   ,0
UGVAIN,2/4/2021,0,RS,Intra Country,2,2/3/2021,22,518,$0.45 ,232.21
DONDZF,2/4/2021,1,RS,Intra Country,2,2/2/2021,15,860,$0.68 ,585.76
VRTXSL,2/4/2021,1,RS,Intra Country,2,2/2/2021,15,860,$0.68 ,585.76
WHSLPU,2/5/2021,1,OS,Intra Country,1,1/29/2021,6,"1,487",$0.19 ,281.4
DAQPUO,2/5/2021,1,RS,Intra Country,2,1/27/2021,23,"1,829",$0.21 ,377.5
ECKQYW,2/5/2021,1,OS,Intra Country,1,2/5/2021,3,"1,454",$0.19 ,274.08
BTIYWD,2/5/2021,1,OS,Intra Country,1,2/5/2021,4,"1,008",$0.26 ,265.28
CKPKSY,2/8/2021,1,RS,Intra Country,2,2/3/2021,36,"2,162",$0.29 ,637.75
AEISPL,2/9/2021,1,RS,Intra Country,2,2/3/2021,35,"1,227",$0.28 ,341.38
RZEBDK,2/9/2021,1,OS,Intra Country,1,2/9/2021,2,"2,074",$0.16 ,335.28
YHOPYO,2/9/2021,1,OS,Intra Country,1,2/9/2021,1,"1,873",$0.16 ,292.12
ZQQAWR,2/9/2021,1,RS,Intra Country,3,2/3/2021,30,789,$0.41 ,324.77
IPVJHF,2/9/2021,1,RS,Intra Country,2,2/9/2021,8,651,$0.68 ,445.3
UVOYPZ,2/10/2021,1,RS,Intra Country,4,2/10/2021,11,"1,834",$0.20 ,368.18
KYJJQC,2/10/2021,1,RS,Intra Country,2,2/8/2021,4,"2,652",$0.30 ,788.17
LIZKXO,2/10/2021,1,OS,Intra Country,1,2/10/2021,16,"2,361",$0.12 ,286.82
LQAFAE,2/10/2021,1,OS,Intra Country,1,2/10/2021,14,"2,733",$0.07 ,196.66
RPGZPH,2/10/2021,1,RS,Intra Country,2,2/9/2021,15,"2,102",$0.17 ,364.57
SJZVGD,2/10/2021,1,RS,Intra Country,2,2/9/2021,16,"1,871",$0.15 ,279.68
JQVRSQ,2/10/2021,1,RS,Intra Country,2,2/9/2021,16,"2,334",$0.18 ,415.87
VYHTKW,2/10/2021,1,OS,Intra Country,1,2/10/2021,1,649,$1.32 ,858.26
KYJJQC,2/11/2021,1,RS,Intra Country,3,2/8/2021,4,"2,652", $-   ,0
BSWFIT,2/11/2021,1,OS,Intra Country,1,2/10/2021,15,"1,129",$0.16 ,175.11
BSWFIT,2/11/2021,1,OS,Intra Country,1,2/10/2021,16,"1,074",$0.22 ,233.9
VKKFTI,2/11/2021,1,OS,Intra Country,1,2/11/2021,15,372,$0.25 ,92.8
QNYBKI,2/11/2021,1,OS,Intra Country,1,2/11/2021,16,342,$0.20 ,69.42
TCSNGN,2/11/2021,1,OS,Intra Country,1,1/20/2021,29,750,$0.20 ,150.03
TCSNGN,2/11/2021,1,OS,Intra Country,1,1/20/2021,30,288,$0.52 ,149.64
UHFDWY,2/11/2021,1,RS,Intra Country,2,2/11/2021,8,"1,345",$0.54 ,721.08
SGHFWL,2/12/2021,1,RS,Intra Country,1,2/12/2021,10,669,$0.92 ,614.42
VOFDSP,2/12/2021,1,RM,Intra Country,3,2/12/2021,6,"1,689",$0.28 ,481.03
TMNHLU,2/13/2021,1,OS,Intra Country,1,1/22/2021,22,"1,107",$0.21 ,234.51
UHMUYM,2/15/2021,1,RS,Intra Country,2,2/10/2021,16,429,$2.20 ,941.05
IJNVGQ,2/16/2021,0,RS,Intra Country,3,1/28/2021,20,"4,023",$0.02 ,64.2
SVXRCU,2/16/2021,1,RS,Intra Country,2,2/10/2021,29,"1,526",$0.42 ,645.12
DZFQYI,2/16/2021,1,RS,Intra Country,2,2/15/2021,24,"1,526",$0.42 ,645.12
IYLGOT,2/16/2021,1,OS,Intra Country,1,1/26/2021,57,924,$0.22 ,204.52
IYLGOT,2/16/2021,1,OS,Intra Country,1,1/26/2021,58,924,$0.38 ,348.31
EPZKCK,2/16/2021,1,RS,Intra Country,2,2/15/2021,4,"1,975",$0.20 ,398.27
BXSKTS,2/16/2021,1,RS,Intra Country,2,2/16/2021,13,"2,037",$0.07 ,143.24
FNCSDQ,2/16/2021,1,RS,Intra Country,3,2/16/2021,16,"2,530",$0.21 ,539.3
SVXRCU,2/17/2021,0,RS,Intra Country,2,2/10/2021,29,"1,526",$0.14 ,219.42
FTUHPE,2/17/2021,0,RS,Intra Country,2,2/16/2021,13,"2,037",$0.00 ,8.56
FCPAHL,2/17/2021,1,RS,Intra Country,2,2/16/2021,9,"1,808",$0.29 ,518.75
WFOWFV,2/17/2021,1,RS,Intra Country,3,2/15/2021,11,"3,127",$0.31 ,956.98
DONDZF,2/18/2021,1,OS,Intra Country,1,2/2/2021,16,748,$0.49 ,364.96
VRTXSL,2/18/2021,1,OS,Intra Country,1,2/2/2021,16,748,$0.49 ,364.96
LCGGFK,2/18/2021,1,RS,Intra Country,2,2/18/2021,8,"1,674",$0.26 ,441.19
AHIJIC,2/18/2021,1,RS,Intra Country,2,2/17/2021,27,669,$0.31 ,209.12
DQJMBM,2/18/2021,1,OS,Intra Country,1,2/15/2021,13,"1,475",$0.16 ,237.97
DQJMBM,2/18/2021,1,OS,Intra Country,1,2/15/2021,11,"1,563",$0.24 ,367.45
VOFDSP,2/18/2021,0,RM,Intra Country,-3,2/18/2021,0,"-1,689",$0.28 ,481.03
LNJUBM,2/19/2021,1,RS,Intra Country,2,2/18/2021,0,"1,773",$0.45 ,790.03
FZECOM,2/19/2021,1,OS,Intra Country,1,2/16/2021,10,"1,563",$0.24 ,367.45
FZECOM,2/19/2021,1,OS,Intra Country,1,2/16/2021,12,"1,475",$0.22 ,318.16
KGBQTG,2/19/2021,1,OS,Intra Country,1,2/19/2021,17,406,$1.66 ,673.74
KKELFC,2/19/2021,1,OS,Intra Country,1,2/19/2021,18,377,$0.40 ,150.77
IMRFIB,2/19/2021,1,OS,Intra Country,1,2/19/2021,12,"1,358",$0.19 ,253.24
RGWGNV,2/19/2021,1,RS,Intra Country,3,2/19/2021,12,"2,716",$0.17 ,456.72
SUJXYQ,2/19/2021,1,OS,Intra Country,1,2/19/2021,5,551,$0.33 ,180.65
QKSEUI,2/19/2021,1,OS,Intra Country,1,2/19/2021,6,551,$0.35 ,190.8
UHFDWYMB,2/20/2021,0,OS,Intra Country,1,2/20/2021,0,673, $-   ,0
WFOWFV,2/22/2021,1,OS,Intra Country,1,2/15/2021,13,"1,475",$0.22 ,318.16
WFOWFV,2/22/2021,0,OS,Intra Country,1,2/15/2021,11,"1,563", $-   ,0
WKPTUW,2/22/2021,1,RS,Intra Country,2,2/11/2021,16,666,$0.58 ,384.11
KVVCZB,2/22/2021,1,RS,Intra Country,4,2/22/2021,87,"2,034",$0.30 ,611.32
WTFWXE,2/22/2021,1,RS,Intra Country,2,2/22/2021,10,"3,055",$0.14 ,413.17
MTXUHV,2/22/2021,1,OS,Intra Country,1,2/15/2021,13,"1,475",$0.16 ,237.97
MTXUHV,2/22/2021,1,OS,Intra Country,1,2/15/2021,11,"1,637",$0.35 ,569.96
YDLZRF,2/23/2021,1,OS,Intra Country,1,2/23/2021,19,"1,865",$0.15 ,286.23
YDLZRF,2/23/2021,1,OS,Intra Country,1,2/23/2021,20,"2,090",$0.09 ,187.84
ULMAWY,2/23/2021,1,RS,Intra Country,2,2/23/2021,27,469,$0.61 ,287.51
FWJHHU,2/23/2021,1,RS,Intra Country,2,1/26/2021,59,"1,807",$0.42 ,756.8
XFMMRQ,2/23/2021,1,RS,Intra Country,3,2/22/2021,11,"2,637",$0.24 ,621.5
TOVLCM,2/24/2021,1,RS,Intra Country,3,2/17/2021,15,"3,418",$0.14 ,477.93
LMCCDU,2/24/2021,1,RS,Intra Country,2,2/19/2021,13,655,$0.95 ,622.38
ZSTCEH,2/24/2021,1,RS,Intra Country,1,2/24/2021,6,392,$1.82 ,712.33
ENWGAE,2/24/2021,1,RS,Intra Country,3,2/15/2021,11,"2,891",$0.99 ,2864.79
SXVHAM,2/24/2021,1,OS,Intra Country,1,2/24/2021,7,326,$0.46 ,149.64
XKAWRV,2/25/2021,1,OS,Intra Country,1,2/12/2021,19,284,$0.47 ,133.57
QAQSUT,2/25/2021,1,RS,Intra Country,4,2/25/2021,84,"1,194",$0.57 ,676.72
TOPQRY,2/25/2021,1,RS,Intra Country,3,2/25/2021,6,692,$0.60 ,414.82
XPSWEP,2/25/2021,1,RS,Intra Country,2,2/23/2021,17,"1,124",$0.36 ,409.95
CLSLBQ,2/26/2021,1,RS,Intra Country,3,2/24/2021,30,"4,944",$0.72 ,3581.78
DEMPTW,2/26/2021,1,RS,Intra Country,3,2/25/2021,84,"1,898",$0.56 ,1063.96
QJSLSU,2/26/2021,1,RS,Intra Country,3,2/25/2021,8,"1,225",$0.31 ,383
XYEIZG,2/26/2021,1,RS,Intra Country,4,2/26/2021,20,"1,743",$0.35 ,607.73
ITJZVH,2/26/2021,1,RS,Intra Country,1,2/26/2021,24,517,$0.25 ,130.71
GMLGPG,2/26/2021,1,OS,Intra Country,1,2/26/2021,6,"2,307",$0.12 ,274.3
UUBOHS,2/26/2021,1,OS,Intra Country,1,2/26/2021,7,"1,262",$0.16 ,201.5
ESDARP,2/26/2021,1,OS,Intra Country,1,2/26/2021,6,841,$0.20 ,170.5
XFMMRQ,3/1/2021,0,RS,Intra Country,3,2/22/2021,11,"2,637",($0.03),79.39
BDJKJD,3/1/2021,1,RS,Intra Country,3,2/24/2021,15,"1,147",$0.13 ,148.31
ZPSSXU,3/1/2021,1,RS,Intra Country,2,3/1/2021,17,448,$0.72 ,320.83
KXHMEJ,3/1/2021,1,RO,Intra Country,3,3/1/2021,23,646,$0.16 ,101.47
DKYLZV,3/1/2021,1,RS,Intra Country,2,2/26/2021,12,"2,482",$0.09 ,213.03
IXIICM,3/2/2021,1,RS,Intra Country,2,2/3/2021,32,"1,036",$0.61 ,631.36
RZLEPP,3/2/2021,1,RS,Intra Country,2,3/1/2021,7,"1,293",$0.23 ,301.79
DZLMWA,3/2/2021,1,RS,Intra Country,2,3/2/2021,13,"1,501",$0.27 ,399.25
UESNSP,3/2/2021,1,RS,Intra Country,4,3/2/2021,79,"1,480",$0.42 ,622.33
GTJNPZ,3/3/2021,0,OS,Intra Country,1,3/2/2021,24,"2,063",$0.10 ,207.12
TFRZJZ,3/3/2021,0,RS,Intra Country,1,2/12/2021,26,651,$0.28 ,184.71
UXGRNC,3/3/2021,0,RS,Intra Country,1,3/2/2021,8,651,$0.22 ,144.53
XDVSOE,3/3/2021,1,RO,Intra Country,3,3/3/2021,15,"3,466",$0.23 ,809.01
JTOSGE,3/3/2021,1,RS,Intra Country,2,3/3/2021,22,"2,895",$0.49 ,1410.49
SOFTIM,3/3/2021,1,RS,Intra Country,2,3/3/2021,9,"2,215",$0.59 ,1303.03
TGWONH,3/3/2021,1,RS,Intra Country,2,3/3/2021,75,"1,880",$0.07 ,132.69
TJWNBZ,3/3/2021,1,OS,Intra Country,1,3/3/2021,37,840,$0.10 ,86.92
ZJSSEQ,3/3/2021,1,OS,Intra Country,1,2/23/2021,43,840,$0.10 ,82.99
GRWCWN,3/4/2021,1,RS,Intra Country,3,3/3/2021,78,"2,523",$0.12 ,300.8
STMMYI,3/4/2021,1,RO,Intra Country,3,2/12/2021,37,"1,454",$0.19 ,277.94
UGKFDE,3/4/2021,1,RS,Intra Country,2,3/2/2021,19,"1,909",$0.21 ,402.9
WIRITU,3/4/2021,1,RS,Intra Country,2,3/3/2021,79,"2,049",$0.15 ,303.2
JGBGNS,3/4/2021,1,OS,Intra Country,1,3/4/2021,28,"2,453",$0.12 ,283.89
WEXOSU,3/4/2021,1,OS,Intra Country,1,3/4/2021,30,"2,326",$0.17 ,401.68
CWSSCB,3/5/2021,1,OM,Intra Country,3,3/5/2021,14,"4,225",$0.46 ,1957.4
JGVPXL,3/5/2021,1,RS,Intra Country,2,3/3/2021,15,"1,857",$0.23 ,433.99
APLYBX,3/5/2021,1,RS,Intra Country,3,3/5/2021,18,676,$0.14 ,95.44
YMTMDI,3/5/2021,1,RS,Intra Country,2,3/5/2021,6,"3,141",$0.21 ,660.23
EERRIT,3/8/2021,1,RS,Intra Country,2,3/8/2021,11,663,$0.58 ,382.79
FXVOPA,3/8/2021,1,RS,Intra Country,2,3/8/2021,11,747,$0.70 ,526.14
FHSASX,3/8/2021,1,RS,Intra Country,5,3/8/2021,9,"2,116",$0.36 ,760.79
VMSXDJ,3/8/2021,1,RS,Intra Country,5,3/8/2021,9,"2,116",$0.28 ,602.55
FDAURE,3/8/2021,1,RS,Intra Country,2,3/8/2021,4,"1,825",$0.42 ,762.9
IUDWRG,3/9/2021,1,RS,Intra Country,2,3/9/2021,11,686,$0.36 ,246.1
HUIFYE,3/9/2021,1,RS,Intra Country,3,2/16/2021,37,"1,178",$0.27 ,320.85
KAMBNG,3/9/2021,1,RS,Intra Country,2,3/9/2021,3,602,$0.93 ,560.16
CUCRHN,3/9/2021,1,RS,Intra Country,2,3/9/2021,21,"1,255",$0.41 ,510.56
EERRIT,3/10/2021,0,RS,Intra Country,2,3/8/2021,11,663, $-   ,0
BHCWAL,3/10/2021,1,RS,Intra Country,3,3/9/2021,37,"2,214",$1.25 ,2760.7
SLMRTX,3/10/2021,1,OS,Intra Country,1,3/10/2021,73,"1,201",$0.07 ,86.61
CTWZDV,3/10/2021,1,RS,Intra Country,3,3/10/2021,15,"1,835",$0.33 ,605.04
EHXOMK,3/10/2021,1,RS,Intra Country,1,3/10/2021,9,761,$0.18 ,134.71
QUEJZN,3/10/2021,1,RS,Intra Country,1,3/10/2021,9,761,$0.21 ,160.51
JGBGNS,3/11/2021,0,OS,Intra Country,1,3/4/2021,28,"2,464", $-   ,0
WEXOSU,3/11/2021,0,OS,Intra Country,1,3/4/2021,30,"2,364", $-   ,0
EAMEAN,3/11/2021,1,OS,Intra Country,1,3/10/2021,72,"1,187",$0.13 ,151.98
LNJQDO,3/11/2021,1,RS,Intra Country,3,3/10/2021,15,"1,835",$0.34 ,624.63
QQXYLR,3/11/2021,1,OS,Intra Country,2,3/10/2021,15,"2,171",$0.07 ,146.4
LKGUWE,3/11/2021,1,RS,Intra Country,3,3/10/2021,72,"1,898",$0.17 ,328.45
HWSRGM,3/11/2021,1,RS,Intra Country,3,3/11/2021,14,"3,718",$0.15 ,570.27
HHMOTS,3/11/2021,1,RS,Intra Country,2,3/11/2021,84,"2,200",$0.11 ,237.14
UIQJGU,3/12/2021,1,RS,Intra Country,3,3/11/2021,70,"2,401",$0.95 ,2288
JLVBRT,3/12/2021,1,RS,Intra Country,2,3/9/2021,7,820,$0.55 ,447
RVWXST,3/12/2021,1,RS,Intra Country,2,3/11/2021,14,"2,542",$0.14 ,358.7
RVWXST,3/12/2021,1,RS,Intra Country,4,3/11/2021,14,"2,511",$0.05 ,128.14
HDCSCI,3/12/2021,1,OM,Intra Country,2,3/12/2021,3,"1,574",$0.34 ,530.35
LCODIN,3/12/2021,1,OM,Intra Country,2,3/10/2021,15,"2,959",$0.54 ,1605.04
LUTOLX,3/12/2021,1,OM,Intra Country,2,3/10/2021,32,326,$0.62 ,201.27
AZXGOM,3/15/2021,1,RS,Intra Country,2,3/15/2021,4,"2,087",$0.46 ,961.02
YVONWH,3/15/2021,1,RS,Intra Country,2,3/4/2021,56,655,$0.78 ,508.47
XYKCAL,3/15/2021,1,OM,Intra Country,1,3/12/2021,28,"1,220",$0.72 ,882.95
DSOUPM,3/15/2021,1,OS,Intra Country,1,3/15/2021,44,423,$0.38 ,160.48
BSNFNC,3/15/2021,1,OS,Intra Country,1,3/15/2021,45,374,$0.13 ,48.98
FNSPSH,3/15/2021,1,OS,Intra Country,1,3/3/2021,16,808,$0.21 ,173.4
FNSPSH,3/15/2021,1,OS,Intra Country,1,3/3/2021,17,892,$1.41 ,1261.7
GFWPYO,3/15/2021,1,RS,Intra Country,2,3/15/2021,24,"1,393",$0.73 ,1013.56
AXTXSQ,3/15/2021,1,RS,Intra Country,3,3/15/2021,11,989,$1.25 ,1235.37
GGPTKN,3/15/2021,1,OS,Intra Country,2,3/15/2021,7,"1,718",$0.23 ,387.01
GGPTKN,3/15/2021,1,OS,Intra Country,1,3/15/2021,8,268,$3.24 ,868
GGPTKN,3/15/2021,1,OS,Intra Country,1,3/15/2021,9,"1,516",$0.62 ,942.7
ALYFXI,3/15/2021,1,OS,Intra Country,1,3/15/2021,2,"1,446",$0.22 ,318.71
BVBWJJ,3/16/2021,1,RS,Intra Country,3,3/15/2021,10,"3,186",$0.37 ,1174.94
ERBREJ,3/16/2021,1,OS,Intra Country,1,3/15/2021,3,"2,403",$0.16 ,388.5
AGXJWH,3/16/2021,1,OS,Intra Country,1,3/15/2021,2,"2,347",$0.28 ,662
RLXRXJ,3/16/2021,1,RS,Intra Country,3,3/15/2021,10,"2,435",$0.67 ,1621.6
SDAXOV,3/16/2021,1,OS,Intra Country,1,3/11/2021,8,246,$0.89 ,217.97
DZYYLU,3/16/2021,1,RS,Intra Country,3,3/16/2021,80,"1,731",$0.27 ,471.8
BMNUTO,3/16/2021,1,RS,Intra Country,3,3/15/2021,4,"1,492",$0.49 ,730.11
XZIOKN,3/16/2021,1,RS,Intra Country,2,3/16/2021,5,457,$1.01 ,462.23
ZWXLDH,3/16/2021,1,RS,Intra Country,5,3/12/2021,48,"2,398",$0.13 ,314.94
EYXUVS,3/16/2021,1,RS,Intra Country,3,3/16/2021,6,"1,202",$0.29 ,345
EWBOGJ,3/17/2021,1,RS,Intra Country,2,3/16/2021,26,"1,811",$0.13 ,238.96
DQHJMI,3/17/2021,1,OS,Intra Country,1,3/16/2021,80,"1,724",$0.10 ,178.9
DQHJMI,3/17/2021,1,OS,Intra Country,1,3/16/2021,81,"1,724",$0.11 ,190.08
YSBYKF,3/17/2021,1,RS,Intra Country,3,3/17/2021,29,"3,340",$0.80 ,2672
ALFREN,3/17/2021,1,RS,Intra Country,3,3/17/2021,79,"1,731",$0.27 ,471.8
KDDCJJ,3/17/2021,1,RS,Intra Country,2,3/12/2021,34,"1,283",$0.29 ,378.29
VXOFYS,3/17/2021,1,RS,Intra Country,2,3/16/2021,17,687,$0.44 ,302.39
HDUXRA,3/17/2021,1,RS,Intra Country,3,3/16/2021,64,533,$0.60 ,322.06
WENYTU,3/17/2021,1,RM,Intra Country,2,3/12/2021,26,"2,781",$0.69 ,1905.55
UMANYY,3/17/2021,1,RS,Intra Country,2,3/12/2021,24,411,$1.75 ,717.83
JBHJFY,3/17/2021,1,RS,Intra Country,3,3/17/2021,8,"2,495",$0.61 ,1512.9
BHCWAL,3/17/2021,0,RS,Intra Country,-3,3/17/2021,-29,"-2,214",$1.25 ,2760.7
JBNDTF,3/18/2021,1,RS,Intra Country,2,3/16/2021,23,"1,773",$0.12 ,217.96
HXKOVV,3/18/2021,1,OS,Intra Country,1,3/17/2021,3,235,$0.70 ,163.87
HXKOVV,3/18/2021,1,OS,Intra Country,1,3/17/2021,4,235,$1.51 ,353.89
YWHFKG,3/18/2021,1,OS,Intra Country,1,3/17/2021,8,"1,247",$0.30 ,370.24
YWHFKG,3/18/2021,1,OS,Intra Country,1,3/17/2021,9,"1,247",$0.31 ,391.76
MRRGZP,3/18/2021,1,RS,Intra Country,2,3/18/2021,35,"2,924",$0.18 ,524.68
WTTVYY,3/18/2021,1,RS,Intra Country,2,3/11/2021,92,"3,974",$0.16 ,627.98
UDOGMI,3/18/2021,1,OS,Intra Country,1,3/12/2021,28,"1,262",$0.48 ,604.26
UDOGMI,3/18/2021,1,OS,Intra Country,1,3/12/2021,28,"1,262",$0.31 ,385.93
VJRMVI,3/19/2021,1,RS,Intra Country,2,3/19/2021,6,"1,571",$0.15 ,241.47
YKXKAY,3/19/2021,1,OS,Intra Country,1,3/8/2021,28,399,$0.23 ,91.82
YKXKAY,3/19/2021,1,OS,Intra Country,1,3/8/2021,27,399,$0.23 ,91.04
VIWCWB,3/19/2021,1,RS,Intra Country,2,3/19/2021,20,"1,773",$0.13 ,238.96
LBVGIH,3/19/2021,1,RS,Intra Country,4,3/18/2021,28,"2,401",$0.21 ,494.58
MYKJRM,3/21/2021,1,RS,Intra Country,2,3/19/2021,55,"1,992",$0.09 ,169.65
EFWMSQ,3/22/2021,0,RS,Intra Country,3,1/26/2021,60,"4,831",$0.21 ,1001.77
JBHJFY,3/22/2021,0,RS,Intra Country,3,3/17/2021,8,"2,495",$0.01 ,15.29
DZVFTX,3/22/2021,1,RS,Intra Country,2,3/22/2021,11,797,$0.45 ,359.99
ZQZHRQ,3/22/2021,1,OS,Intra Country,1,3/22/2021,7,740,$0.28 ,207.43
AYPDBM,3/22/2021,1,OS,Intra Country,1,3/22/2021,7,426,$0.37 ,159.33
MMSKJG,3/22/2021,1,RS,Intra Country,2,3/22/2021,72,"5,432",$0.34 ,1849.7
YOGYZA,3/22/2021,1,RS,Intra Country,3,3/22/2021,10,"4,835",$0.38 ,1849.7
YJMOPF,3/22/2021,1,OS,Intra Country,1,3/12/2021,27,983,$0.08 ,83.39
EFWMSQ,3/23/2021,0,RS,Intra Country,3,1/26/2021,60,"4,831", $-   ,0
WIRITU,3/23/2021,0,OS,Intra Country,1,3/3/2021,78,"1,024", $-   ,0
YFIEEO,3/23/2021,1,RS,Intra Country,4,3/9/2021,37,"3,959",$0.76 ,3024.51
ZMWJKB,3/23/2021,1,OS,Intra Country,1,3/22/2021,74,732,$0.70 ,513.78
ZMWJKB,3/23/2021,1,OS,Intra Country,1,3/22/2021,75,732,$0.27 ,198.71
AOZWXD,3/23/2021,1,RS,Intra Country,2,3/23/2021,58,"2,034",$0.29 ,590.34
CCWOFO,3/23/2021,1,RS,Intra Country,3,3/22/2021,80,"3,651",$0.13 ,472.96
RQJUPN,3/23/2021,1,RS,Intra Country,3,3/23/2021,72,"2,168",$0.12 ,264.91
IYGDXU,3/23/2021,1,OM,Intra Country,1,3/12/2021,28,"2,476",$0.27 ,673.76
ESVOBH,3/24/2021,1,OS,Intra Country,1,3/24/2021,1,381,$0.80 ,306
ESVOBH,3/24/2021,1,OS,Intra Country,1,3/24/2021,2,381,$1.32 ,501.6
ZEDLMA,3/24/2021,1,RS,Intra Country,4,3/22/2021,22,336,$1.40 ,468.98
AYAIUJ,3/24/2021,1,RS,Intra Country,2,3/4/2021,56,351,$1.49 ,521.22
AHAXXC,3/24/2021,1,OS,Intra Country,1,3/18/2021,65,"1,008",$0.10 ,102.98
DSMJZD,3/24/2021,1,OS,Intra Country,1,3/18/2021,65,"1,008",$0.10 ,102.98
ETLISI,3/24/2021,1,RS,Intra Country,2,3/24/2021,71,"2,034",$0.12 ,244.4
ELUGUZ,3/24/2021,1,RS,Intra Country,3,3/24/2021,72,820,$0.21 ,168.94
VREMOS,3/24/2021,1,RS,Intra Country,2,3/24/2021,72,"1,731",$0.12 ,210.25
EEECIZ,3/24/2021,1,RS,Intra Country,2,3/24/2021,9,"1,559",$0.21 ,333.03
YNWRVM,3/25/2021,1,RS,Intra Country,2,3/25/2021,53,"1,662",$0.22 ,357.97
FQSUPY,3/25/2021,1,RS,Intra Country,3,3/25/2021,22,510,$1.29 ,659.95
IVEFKW,3/25/2021,1,RS,Intra Country,2,3/25/2021,0,809,$0.37 ,303.27
YTLNBW,3/25/2021,1,RO,Intra Country,3,3/12/2021,26,"2,386",$0.55 ,1309.44
HPNZWJ,3/25/2021,1,RS,Intra Country,2,3/25/2021,8,575,$0.78 ,450
IPNQDX,3/25/2021,1,RS,Intra Country,3,3/25/2021,22,"4,630",$0.20 ,942.63
JBHJFY,3/26/2021,0,OS,Intra Country,1,3/17/2021,10,"1,247",$0.50 ,619.99
JUJDUY,3/26/2021,1,RS,Intra Country,2,3/25/2021,8,797,$0.35 ,280.73
IGTRKI,3/26/2021,1,RS,Intra Country,2,3/25/2021,22,891,$0.60 ,533.65
AQCMOX,3/26/2021,1,OS,Intra Country,1,3/26/2021,55,"1,024",$0.18 ,185.89
HBNLQY,3/26/2021,1,OS,Intra Country,1,3/26/2021,57,"1,008",$0.10 ,102.98
MEEDLY,3/26/2021,1,RS,Intra Country,2,3/19/2021,20,"1,773",$0.13 ,238.96
ADJUPA,3/26/2021,1,RS,Intra Country,2,3/26/2021,69,"4,557",$0.29 ,1319.47
SFOVSI,3/26/2021,1,RS,Intra Country,2,3/26/2021,17,"1,446",$0.76 ,1096.04
MNFAEB,3/27/2021,1,RS,Intra Country,3,3/27/2021,69,631,$0.35 ,218.02
AYPDBM,3/29/2021,0,OS,Intra Country,1,3/22/2021,7,426,$0.01 ,4.12
JJUZSP,3/29/2021,1,OS,Intra Country,1,3/26/2021,57,"1,008",$0.10 ,102.98
CBXLNC,3/29/2021,1,RS,Intra Country,3,3/24/2021,14,269,$1.60 ,431.99
EXQDFR,3/29/2021,1,OM,Intra Country,2,3/24/2021,16,"1,577",$0.55 ,871.04
VOFOEU,3/29/2021,1,RS,Intra Country,2,3/24/2021,28,"1,068",$0.28 ,296.35
SSUBIS,3/29/2021,1,RS,Intra Country,2,3/29/2021,67,"1,679",$0.09 ,154.23
KTXLIQ,3/29/2021,1,RS,Intra Country,3,3/29/2021,18,518,$0.97 ,502.96
UOWZNU,3/29/2021,1,OS,Intra Country,1,3/12/2021,42,508,$0.89 ,450.18
UOWZNU,3/29/2021,1,OS,Intra Country,1,3/12/2021,41,912,$0.84 ,766.8
VQEERQ,3/29/2021,1,RS,Intra Country,2,3/29/2021,67,"1,464",$0.12 ,180.81
XIZSZS,3/29/2021,1,RS,Intra Country,3,3/22/2021,80,"5,940",$0.47 ,2797.82
ULSVDC,3/29/2021,1,RS,Intra Country,3,3/29/2021,18,518,$1.03 ,535.95
VIZAJT,3/30/2021,0,RS,Intra Country,2,3/29/2021,67,"2,401",$0.01 ,16.36
JQZDYV,3/30/2021,1,RS,Intra Country,2,3/29/2021,18,"1,527",$0.58 ,879.96
BWATGD,3/30/2021,1,RS,Intra Country,2,3/30/2021,17,510,$0.68 ,346.97
WTVYBL,3/30/2021,1,RS,Intra Country,2,3/30/2021,66,"1,854",$0.12 ,231.65
AGMSMX,3/30/2021,1,OM,Intra Country,2,3/26/2021,6,"2,965",$0.91 ,2690.69
SQDXWZ,3/30/2021,1,RO,Intra Country,6,3/29/2021,53,"2,013",$0.18 ,358.36
WFQMPZ,3/30/2021,1,OS,Intra Country,1,3/30/2021,4,633,$0.39 ,245.5
LMXZZG,3/30/2021,1,RS,Intra Country,2,3/30/2021,17,577,$0.24 ,137.96
UDVNJV,3/30/2021,1,RS,Intra Country,2,3/30/2021,17,394,$0.55 ,215.96
TEJWSL,3/30/2021,1,RS,Intra Country,2,3/29/2021,4,581,$1.20 ,695.2
XHTQEE,3/30/2021,1,RS,Intra Country,3,3/30/2021,66,"1,464",$0.21 ,310.13
UJEJCU,3/30/2021,1,RS,Intra Country,4,3/12/2021,36,"2,282",$0.20 ,451.85
STFGMG,3/30/2021,1,RS,Intra Country,4,3/29/2021,19,"2,282",$0.20 ,451.85
STONJE,3/30/2021,1,RS,Intra Country,4,3/29/2021,19,"2,282",$0.20 ,451.85
UFURKK,3/30/2021,1,RS,Intra Country,4,3/29/2021,17,"1,615",$0.50 ,812.96
JJBXDL,3/30/2021,1,RS,Intra Country,3,3/29/2021,18,518,$0.97 ,502.96
XLSCUV,3/30/2021,1,RS,Intra Country,2,3/30/2021,22,569,$0.48 ,273.8
LWIHZC,3/30/2021,1,OS,Intra Country,1,3/30/2021,21,"1,215",$0.27 ,331.92
ZLBEEG,3/30/2021,1,OS,Intra Country,1,3/29/2021,19,398,$0.20 ,80.64
ZLBEEG,3/30/2021,1,OS,Intra Country,1,3/29/2021,18,398,$0.90 ,358.4
ULKJDX,3/30/2021,1,RS,Intra Country,2,3/29/2021,18,518,$0.65 ,335.97
VPNTHV,3/30/2021,1,RS,Intra Country,2,3/30/2021,66,"2,401",$0.09 ,215.98
XYIZCG,3/31/2021,1,RS,Intra Country,2,3/30/2021,16,"2,144",$0.28 ,595.12
VHHMLP,3/31/2021,1,RS,Intra Country,2,3/29/2021,18,518,$0.69 ,357.97
AHESBV,3/31/2021,1,RS,Intra Country,3,3/31/2021,16,518,$1.01 ,524.96
KZOMTW,3/31/2021,1,RS,Intra Country,2,3/29/2021,18,518,$0.52 ,270.95
CFEBNP,3/31/2021,1,OS,Intra Country,1,3/30/2021,20,"1,208",$0.16 ,190.98
APLHGJ,3/31/2021,1,RS,Intra Country,4,3/31/2021,51,"2,523",$0.10 ,260.46
YWPCRN,3/31/2021,1,RS,Intra Country,3,3/31/2021,51,"2,401",$0.19 ,448.63
REXNTP,3/31/2021,1,RS,Intra Country,2,3/31/2021,16,518,$0.67 ,347.96
UYKVSO,3/31/2021,1,RO,Intra Country,2,3/15/2021,20,"2,157",$1.28 ,2765.6
BRHWID,3/31/2021,1,RS,Intra Country,4,3/31/2021,15,517,$0.79 ,407.98
UEXOVZ,3/31/2021,1,OS,Intra Country,1,3/24/2021,23,810,$0.90 ,732.7
UEXOVZ,3/31/2021,1,OS,Intra Country,1,3/24/2021,24,"1,013",$0.67 ,674.45
BDGHXK,3/31/2021,1,RS,Intra Country,4,3/31/2021,64,"2,495",$0.16 ,393.35
BCIYBJ,3/31/2021,1,RS,Intra Country,2,3/31/2021,65,"3,687",$0.08 ,279.61
JEGYWV,4/1/2021,1,RS,Intra Country,2,3/16/2021,58,"1,379",$0.25 ,338.47
EATTLV,4/1/2021,1,RS,Intra Country,2,4/1/2021,64,"1,464",$0.15 ,212.8
AOAAUP,4/1/2021,1,RS,Intra Country,2,3/31/2021,5,"2,135",$0.25 ,540.64
VLVMPO,4/1/2021,1,OS,Intra Country,1,4/1/2021,42,"1,107",$0.13 ,146.98
WTINFF,4/1/2021,1,RS,Intra Country,3,4/1/2021,15,446,$1.02 ,454.96
UUITYI,4/1/2021,1,RS,Intra Country,2,4/1/2021,15,518,$0.50 ,259.96
DGTTQA,4/1/2021,1,OS,Intra Country,1,4/1/2021,43,"1,107",$0.07 ,73.4
YKXKAY,4/2/2021,0,OS,Intra Country,1,3/8/2021,28,399,$0.48 ,193.13
ELUGUZ,4/2/2021,0,RS,Intra Country,2,3/24/2021,72,820, $-   ,0
EEECIZ,4/2/2021,0,OS,Intra Country,1,3/24/2021,10,780, $-   ,0
VOFOEU,4/2/2021,0,RS,Intra Country,2,3/24/2021,28,"1,068",$0.29 ,309.28
VHSXMF,4/2/2021,1,RS,Intra Country,3,4/1/2021,15,"1,042",$0.37 ,386.96
ARNEFU,4/2/2021,1,RS,Intra Country,2,3/31/2021,9,"1,124",$0.43 ,486.11
DBHEIF,4/2/2021,1,OS,Intra Country,1,4/2/2021,14,659,$0.55 ,363.41
YWTHQG,4/2/2021,1,OS,Intra Country,1,4/2/2021,16,521,$0.49 ,254.99
XAMOVS,4/2/2021,1,OS,Intra Country,1,4/2/2021,0,780,$0.47 ,366.98
XAMOVS,4/2/2021,1,OS,Intra Country,1,4/2/2021,0,780,$0.20 ,156
HRSFSZ,4/2/2021,1,RS,Intra Country,2,4/2/2021,14,510,$0.74 ,378.96
DZVFTX,4/3/2021,0,OS,Intra Country,1,3/22/2021,12,399, $-   ,0
JUJDUY,4/3/2021,0,OS,Intra Country,1,3/25/2021,9,399,$0.11 ,45.72
YTLNBW,4/5/2021,0,RO,Intra Country,4,3/12/2021,26,"2,386", $-   ,0
MDKPBM,4/5/2021,1,OS,Intra Country,1,4/5/2021,3,647,$0.33 ,210.99
DFKWEY,4/5/2021,1,OS,Intra Country,1,4/5/2021,4,647,$0.19 ,120.6
MYIMAC,4/5/2021,1,OS,Intra Country,1,4/5/2021,37,338,$0.17 ,57.52
JONMEO,4/5/2021,1,OS,Intra Country,1,4/5/2021,39,308,$0.22 ,68.98
ZOHUKU,4/5/2021,1,RS,Intra Country,2,3/31/2021,13,"1,202",$0.24 ,290.72
FPWKGN,4/5/2021,1,RS,Intra Country,3,4/2/2021,40,899,$1.16 ,1044.8
WQLNWY,4/5/2021,1,OS,Intra Country,1,4/5/2021,11,236,$0.73 ,171.54
FIWRYL,4/5/2021,1,OS,Intra Country,1,4/5/2021,68,"1,822",$0.17 ,304.98
QFFAFB,4/5/2021,1,OS,Intra Country,1,4/5/2021,68,"1,822",$0.17 ,304.98
XEWDXH,4/5/2021,1,RS,Intra Country,3,4/2/2021,14,"4,346",$0.26 ,1141.53
QJGLIJ,4/5/2021,1,RS,Intra Country,1,4/5/2021,23,392,$1.04 ,409.05
WCENNO,4/5/2021,1,OS,Intra Country,1,4/5/2021,66,"1,822",$0.16 ,296.39
QBHILX,4/5/2021,1,OS,Intra Country,1,4/5/2021,66,"1,822",$0.16 ,296.39
KDDCJJ,4/6/2021,0,RS,Intra Country,4,3/12/2021,34,"1,283",$0.15 ,188.71
SQDXWZ,4/6/2021,0,RO,Intra Country,6,3/29/2021,53,"2,013", $-   ,0
FAHXVE,4/6/2021,1,RS,Intra Country,2,4/5/2021,3,939,$0.93 ,870.2
FYWVZN,4/6/2021,1,OS,Intra Country,1,4/5/2021,17,492,$0.20 ,99.03
FYWVZN,4/6/2021,1,OS,Intra Country,1,4/5/2021,18,492,$0.33 ,163.87
QVHXGS,4/6/2021,1,OS,Intra Country,1,4/5/2021,17,492,$0.21 ,103.4
QVHXGS,4/6/2021,1,OS,Intra Country,1,4/5/2021,18,492,$0.40 ,198.64
DGIILL,4/6/2021,1,RS,Intra Country,3,4/5/2021,35,"5,123",$1.07 ,5484.79
VDXOHX,4/6/2021,1,RS,Intra Country,2,4/5/2021,18,"1,863",$0.64 ,1195.4
DXUVTI,4/6/2021,1,RS,Intra Country,2,3/30/2021,17,"1,441",$0.34 ,490.85
UYVBID,4/6/2021,1,RS,Intra Country,2,4/6/2021,7,"2,024",$0.17 ,336.8
QZWELN,4/6/2021,1,RS,Intra Country,2,4/5/2021,10,"2,011",$0.18 ,365.29
QDHVML,4/6/2021,1,RS,Intra Country,2,4/6/2021,5,"1,529",$0.40 ,604.74
WRVUXT,4/6/2021,1,RS,Intra Country,2,4/5/2021,23,984,$0.78 ,764.83
VRPALQ,4/6/2021,1,RS,Intra Country,3,4/6/2021,42,"3,977",$0.41 ,1648.31
QXOROC,4/6/2021,1,RS,Intra Country,2,4/5/2021,3,"1,023",$0.45 ,458.7
VPTYZC,4/6/2021,1,RS,Intra Country,4,3/30/2021,17,473,$0.63 ,298.96
UDEGFQ,4/6/2021,1,RS,Intra Country,3,4/6/2021,45,707,$0.27 ,188.95
EBSWWP,4/6/2021,1,RS,Intra Country,2,4/5/2021,10,"2,011",$0.18 ,365.29
DFKWEY,4/7/2021,0,OS,Intra Country,1,4/5/2021,4,647,$0.06 ,39.6
IWKWAQ,4/7/2021,1,RS,Intra Country,3,4/6/2021,44,"1,617",$0.12 ,193.6
SMMHAB,4/7/2021,1,RS,Intra Country,3,4/6/2021,10,"3,538",$0.25 ,873.97
WVUYID,4/7/2021,1,RS,Intra Country,3,4/7/2021,43,"1,857",$0.19 ,356.95
YAMBSU,4/7/2021,1,RS,Intra Country,2,3/31/2021,22,"2,804",$0.23 ,631.47
XLHHZT,4/7/2021,1,RS,Intra Country,2,4/7/2021,9,"2,233",$0.29 ,645.52
WFACYW,4/7/2021,1,RS,Intra Country,3,4/7/2021,41,"1,743",$0.34 ,589.64
LMSGYI,4/7/2021,1,RS,Intra Country,3,4/7/2021,58,"1,731",$0.15 ,256.81
UUUSYW,4/7/2021,1,RS,Intra Country,2,4/6/2021,26,"2,014",$0.82 ,1652.8
QDDUSL,4/7/2021,1,OS,Intra Country,1,4/6/2021,24,"1,313",$0.25 ,327.5
QDDUSL,4/7/2021,1,OS,Intra Country,1,4/6/2021,25,929,$0.69 ,644.2
UCPDTU,4/7/2021,1,OS,Intra Country,1,4/7/2021,19,510,$0.35 ,179.42
XTVRRM,4/7/2021,1,OS,Intra Country,1,4/7/2021,21,510,$0.27 ,137.6
UYVBID,4/8/2021,0,RS,Intra Country,1,4/6/2021,8,"2,024",$0.02 ,40
XKZVEI,4/8/2021,1,RS,Intra Country,3,4/7/2021,48,"1,785",$0.19 ,340.04
ISWKBJ,4/8/2021,1,RS,Intra Country,3,4/6/2021,10,"1,870",$0.24 ,441.46
TEWSNH,4/8/2021,1,RS,Intra Country,4,4/7/2021,43,"5,432",$0.10 ,568.41
UOAATE,4/8/2021,1,RS,Intra Country,2,3/16/2021,24,"1,372",$1.00 ,1373.86
BRHZUB,4/8/2021,1,OS,Intra Country,1,4/8/2021,15,542,$0.66 ,359.75
REOWER,4/8/2021,1,RS,Intra Country,2,4/8/2021,20,"1,903",$0.20 ,379.6
GRJGVK,4/8/2021,1,RS,Intra Country,1,4/8/2021,22,457,$0.79 ,359.92
ZADWYZ,4/8/2021,1,OS,Intra Country,1,4/8/2021,22,229,$0.90 ,206.16
XQCLIM,4/8/2021,1,RS,Intra Country,1,4/8/2021,22,457,$0.79 ,359.92
GUKBWR,4/8/2021,1,RS,Intra Country,1,4/8/2021,22,457,$0.79 ,359.92
GRQIGX,4/8/2021,1,OS,Intra Country,1,4/8/2021,24,492,$0.28 ,137.22
GRQIGX,4/8/2021,1,OS,Intra Country,1,4/8/2021,25,492,$0.40 ,198.64
BDELEX,4/8/2021,1,OS,Intra Country,1,4/8/2021,24,492,$0.28 ,137.22
BDELEX,4/8/2021,1,OS,Intra Country,1,4/8/2021,25,492,$0.40 ,198.64
XQRCTT,4/8/2021,1,OS,Intra Country,1,4/8/2021,24,492,$0.28 ,137.22
XQRCTT,4/8/2021,1,OS,Intra Country,1,4/8/2021,25,492,$0.40 ,198.64
ZGNLSX,4/8/2021,1,RS,Intra Country,2,4/8/2021,21,"4,501",$0.31 ,1413
BGBNHF,4/8/2021,1,RS,Intra Country,2,4/8/2021,21,"4,501",$0.31 ,1413
ZBXWNL,4/8/2021,1,RS,Intra Country,1,4/8/2021,15,"1,085",$0.50 ,544.74
GEXPOK,4/8/2021,1,OS,Intra Country,1,4/8/2021,9,259,$0.74 ,191.18
ZEDLMA,4/9/2021,0,RS,Intra Country,3,3/22/2021,22,336,$0.13 ,42.58
QDHVML,4/9/2021,0,RS,Intra Country,2,4/6/2021,5,"1,529", $-   ,0
RMJMSJ,4/9/2021,1,OM,Intra Country,2,4/8/2021,56,"1,976",$0.17 ,338.63
AUEVTX,4/9/2021,1,OS,Intra Country,1,4/8/2021,8,259,$0.25 ,64.4
XJTWAL,4/9/2021,1,RS,Intra Country,2,3/12/2021,40,"1,749",$0.28 ,497.77
USLOFA,4/9/2021,1,RS,Intra Country,3,4/9/2021,42,616,$0.32 ,194.52
URMKGE,4/9/2021,1,OS,Intra Country,1,4/9/2021,35,"1,307",$0.14 ,185.2
URMKGE,4/9/2021,1,OS,Intra Country,1,4/9/2021,37,"1,133",$0.25 ,282.9
CAXHMH,4/9/2021,1,OS,Intra Country,1,4/9/2021,35,"1,307",$0.14 ,185.2
CAXHMH,4/9/2021,1,OS,Intra Country,1,4/9/2021,37,"1,133",$0.25 ,282.9
UQDSCL,4/9/2021,1,RS,Intra Country,3,4/9/2021,5,"2,160",$0.32 ,695.21
CZTXZJ,4/9/2021,1,RS,Intra Country,2,4/9/2021,56,"1,731",$0.13 ,222.6
CJAAKO,4/9/2021,1,OS,Intra Country,1,4/9/2021,11,601,$0.28 ,167.4
JXWDNP,4/9/2021,1,OS,Intra Country,1,4/9/2021,13,"1,501",$0.18 ,266.87
RBVJOX,4/9/2021,1,RS,Intra Country,2,3/31/2021,16,"1,195",$1.21 ,1444.81
DSYXFA,4/9/2021,1,RS,Intra Country,2,4/9/2021,38,"2,625",$0.07 ,193.44
CMNBEM,4/9/2021,1,OS,Intra Country,1,4/9/2021,14,886,$0.37 ,331.9
CMNBEM,4/9/2021,1,OS,Intra Country,1,4/9/2021,13,"1,292",$0.23 ,302.65
ZWENFQ,4/9/2021,1,RS,Intra Country,2,3/12/2021,93,"1,713",$0.37 ,627.9
FXHKIV,4/9/2021,1,RS,Intra Country,2,4/9/2021,56,"1,353",$0.20 ,270.11
WMVLWW,4/10/2021,1,RS,Intra Country,3,4/10/2021,41,684,$0.29 ,196.26
KDDCJJ,4/12/2021,0,RS,Intra Country,2,3/12/2021,34,"1,283", $-   ,0
DYNGTL,4/12/2021,1,RS,Intra Country,3,4/2/2021,13,"3,238",$0.26 ,852.69
AUEVTX,4/12/2021,1,OS,Intra Country,1,4/8/2021,8,259,$1.18 ,305.6
EHRKZL,4/12/2021,1,OS,Intra Country,1,4/9/2021,12,897,$0.05 ,44.13
HMFPAJ,4/12/2021,1,RS,Intra Country,2,4/6/2021,14,988,$0.37 ,365.97
BWLLXB,4/12/2021,1,OS,Intra Country,1,4/8/2021,66,856,$0.34 ,289.06
BWLLXB,4/12/2021,1,OS,Intra Country,1,4/8/2021,67,451,$0.31 ,140.82
LNDVBM,4/12/2021,1,RS,Intra Country,3,4/12/2021,24,"4,418",$0.10 ,431.81
KITZYE,4/12/2021,1,RS,Intra Country,3,4/12/2021,59,"3,656",$0.16 ,592.26
YFIEEO,4/13/2021,0,RO,Intra Country,3,3/9/2021,37,"3,956",($0.03),110.25
UJDDET,4/13/2021,1,RS,Intra Country,3,3/24/2021,50,"2,482",$0.35 ,865.56
VPNTHV,4/13/2021,0,OS,Intra Country,1,3/30/2021,66,"1,201", $-   ,0
VPNTHV,4/13/2021,1,OS,Intra Country,1,3/30/2021,67,"1,201",$0.09 ,111.3
LMSGYI,4/13/2021,0,RS,Intra Country,3,4/7/2021,58,"1,731", $-   ,0
UXVWRY,4/13/2021,1,RS,Intra Country,2,3/12/2021,49,"1,016",$0.20 ,203.23
ZCLUQD,4/13/2021,1,RS,Intra Country,2,4/8/2021,45,"1,713",$0.30 ,505.7
UGVDML,4/13/2021,1,RS,Intra Country,2,4/12/2021,4,394,$0.54 ,213.83
QBPBHR,4/13/2021,1,OS,Intra Country,1,4/6/2021,17,542,$0.40 ,216.01
MPQXUO,4/13/2021,1,RS,Intra Country,2,4/13/2021,31,473,$0.60 ,283.09
HDBKDU,4/13/2021,1,OS,Intra Country,1,4/6/2021,12,"1,224",$0.31 ,383.65
HDBKDU,4/13/2021,1,OS,Intra Country,1,4/6/2021,10,"1,505",$0.22 ,326.95
FYUROP,4/13/2021,1,RS,Intra Country,5,4/10/2021,61,"1,548",$0.45 ,689.41
JEXBNN,4/13/2021,1,RS,Intra Country,2,4/13/2021,9,806,$0.39 ,312.94
MJOQEG,4/13/2021,1,RS,Intra Country,3,4/13/2021,52,469,$1.00 ,468.35
KUODQF,4/13/2021,1,RS,Intra Country,3,4/13/2021,85,"2,014",$0.84 ,1682.81
MZITRF,4/13/2021,1,RS,Intra Country,3,4/12/2021,32,"2,132",$0.38 ,810
KPARTU,4/13/2021,1,RS,Intra Country,2,3/12/2021,35,"1,740",$0.41 ,708.73
ULWAQI,4/13/2021,1,RS,Intra Country,2,3/30/2021,17,449,$1.39 ,626.41
YOOBAB,4/13/2021,1,RS,Intra Country,2,4/8/2021,7,"1,928",$0.21 ,398.27
ZJVOAL,4/13/2021,1,RS,Intra Country,2,4/8/2021,15,713,$2.10 ,1494.4
WXHUQG,4/13/2021,1,OS,Intra Country,1,4/7/2021,57,924,$0.75 ,694.74
BRBYCK,4/13/2021,1,RS,Intra Country,3,2/24/2021,59,801,$0.38 ,306.84
VSWAFD,4/13/2021,1,RS,Intra Country,3,3/29/2021,26,801,$0.38 ,306.84
QLFBOK,4/13/2021,1,OS,Intra Country,1,4/13/2021,59,312,$0.46 ,142.73
CPXBBV,4/13/2021,1,OS,Intra Country,1,4/7/2021,15,200,$2.40 ,481.61
XQCLIM,4/14/2021,0,OM,Intra Country,1,4/8/2021,22,363,$0.34 ,124.28
HOZVKC,4/14/2021,1,OM,Intra Country,2,4/14/2021,22,"1,150",$0.25 ,283.6
ITGVGZ,4/14/2021,1,RS,Intra Country,2,4/14/2021,9,"1,501",$0.70 ,1057.68
ZZHXSK,4/14/2021,1,OS,Intra Country,1,4/8/2021,11,259,$0.38 ,99.17
LNQMSX,4/14/2021,1,RS,Intra Country,2,4/12/2021,32,560,$0.55 ,309.31
IDCQSV,4/14/2021,1,RS,Intra Country,3,4/14/2021,2,473,$0.73 ,346.27
MLUFXW,4/14/2021,1,OS,Intra Country,1,4/14/2021,6,259,$0.35 ,90.4
JKLOBA,4/14/2021,1,RS,Intra Country,3,4/12/2021,32,"3,310",$0.32 ,1058.9
VIZAJT,4/15/2021,1,RS,Intra Country,2,3/29/2021,67,"2,401",$0.09 ,222.6
VPNTHV,4/15/2021,0,RS,Intra Country,2,3/30/2021,66,"2,401",$0.05 ,111.3
JEXBNN,4/15/2021,0,RS,Intra Country,2,4/13/2021,10,806,$0.01 ,7.4
TWAMEV,4/15/2021,1,RS,Intra Country,3,4/14/2021,17,867,$0.38 ,328.68
LWVOJQ,4/15/2021,1,RS,Intra Country,3,4/15/2021,34,749,$0.86 ,643.27
LAWGER,4/15/2021,1,RS,Intra Country,3,4/15/2021,36,777,$0.38 ,295.96
QODLZH,4/15/2021,1,RS,Intra Country,3,4/14/2021,51,631,$0.46 ,288.24
YNYBEK,4/15/2021,1,RO,Intra Country,2,4/15/2021,5,"2,026",$0.26 ,536.35
LJHRRJ,4/15/2021,1,OS,Intra Country,1,4/15/2021,2,260,$0.44 ,114.69
EUMHDE,4/15/2021,1,RS,Intra Country,3,4/15/2021,36,777,$0.33 ,256.89
ZTWZHT,4/15/2021,1,RS,Intra Country,2,4/15/2021,34,"1,270",$0.27 ,336.73
QATMRW,4/15/2021,1,OM,Intra Country,2,4/14/2021,29,"2,514",$0.13 ,331.63
ZXTLVB,4/15/2021,1,OS,Intra Country,1,4/15/2021,20,"1,844",$0.13 ,239.03
AWKIMY,4/15/2021,1,RS,Intra Country,2,4/14/2021,21,"1,520",$0.14 ,207.12
SODVGV,4/15/2021,1,RS,Intra Country,2,4/14/2021,21,"1,520",$0.16 ,240.45
MJUPJR,4/15/2021,1,RS,Intra Country,3,4/14/2021,22,"1,397",$0.25 ,342.4
XKIEHH,4/15/2021,1,RS,Intra Country,2,4/15/2021,50,"1,353",$0.24 ,330.9
MMCHUM,4/15/2021,1,RS,Intra Country,2,4/15/2021,50,"1,854",$0.16 ,294.38
VIZAJT,4/15/2021,0,RS,Intra Country,-2,4/15/2021,-50,"-2,401",$0.09 ,215.98
SMMHAB,4/16/2021,1,RS,Intra Country,3,4/6/2021,10,"3,538",$0.06 ,203.13
VLLTOX,4/16/2021,1,RS,Intra Country,3,4/9/2021,7,454,$0.68 ,307.57
WTTANF,4/16/2021,1,RS,Intra Country,2,4/15/2021,63,"2,014",$0.84 ,1682.81
MFJEOR,4/16/2021,1,RS,Intra Country,2,4/15/2021,15,"1,384",$0.73 ,1006.21
RRSDEC,4/16/2021,1,OS,Intra Country,1,4/16/2021,27,979,$1.20 ,1179.21
RRSDEC,4/16/2021,1,OS,Intra Country,1,4/16/2021,26,979,$0.73 ,718.41
XQOVWS,4/16/2021,1,RS,Intra Country,2,4/15/2021,8,"1,515",$1.22 ,1850.64
BFLJDQ,4/16/2021,1,RS,Intra Country,2,4/16/2021,24,"1,754",$0.20 ,358.67
YZDYJS,4/16/2021,1,OS,Intra Country,1,4/15/2021,2,"1,970",$0.13 ,255.45
ZLKSYM,4/16/2021,1,RS,Intra Country,2,4/16/2021,10,731,$0.62 ,453.6
SYTGOZ,4/16/2021,1,RS,Intra Country,3,4/16/2021,28,"1,909",$0.76 ,1450.2
WMLSGH,4/16/2021,1,RS,Intra Country,2,4/15/2021,17,"1,635",$0.24 ,398.09
SZSVCG,4/16/2021,1,RS,Intra Country,3,4/16/2021,48,"3,486",$0.05 ,160.79
IQAVGJ,4/16/2021,1,OM,Intra Country,2,4/16/2021,33,"2,585",$0.21 ,531.36
DGFFNM,4/18/2021,1,RS,Intra Country,3,4/18/2021,47,"5,188",$0.08 ,414.62
UIQJGU,4/19/2021,0,OS,Intra Country,1,3/11/2021,70,"1,201",($1.38),1653.28
UIQJGU,4/19/2021,1,OS,Intra Country,1,3/11/2021,72,"1,201",$0.25 ,305.95
UOWZNU,4/19/2021,1,OS,Intra Country,1,3/12/2021,42,508,$0.94 ,476.31
UOWZNU,4/19/2021,1,OS,Intra Country,1,3/12/2021,41,912,$0.84 ,766.8
SQDXWZ,4/19/2021,0,RO,Intra Country,6,3/29/2021,53,"2,013",$0.01 ,15.07
LMPZOM,4/19/2021,1,OM,Intra Country,2,4/15/2021,8,"1,447",$1.71 ,2478.9
ZKUYOC,4/19/2021,1,RS,Intra Country,2,4/16/2021,34,426,$0.62 ,262.81
TMPIEQ,4/19/2021,1,RS,Intra Country,3,4/14/2021,8,"2,308",$0.22 ,508.11
WLGBOJ,4/19/2021,1,RS,Intra Country,4,4/16/2021,55,"3,653",$0.45 ,1639.4
YPMZSU,4/19/2021,1,RS,Intra Country,3,3/29/2021,29,"1,300",$1.23 ,1605.8
HWZNIQ,4/19/2021,1,RS,Intra Country,3,4/19/2021,46,"1,242",$0.31 ,386.08
HHWGQP,4/19/2021,1,RS,Intra Country,3,4/19/2021,3,401,$1.49 ,598.44
YGLRUB,4/19/2021,1,OS,Intra Country,1,4/15/2021,15,325,$0.29 ,92.7
KSHNYZ,4/19/2021,1,OS,Intra Country,1,4/19/2021,12,325,$0.25 ,82.05
ZIVFDR,4/19/2021,1,RS,Intra Country,2,4/19/2021,46,"1,222",$0.22 ,269.62
AQRWXV,4/19/2021,1,RS,Intra Country,2,4/19/2021,46,"1,731",$0.19 ,328.32
YLOPUV,4/19/2021,1,RS,Intra Country,2,4/19/2021,27,"2,723",$0.23 ,616.31
UOWZNU,4/19/2021,0,OS,Intra Country,-1,4/19/2021,-3,-912,$0.84 ,766.8
WFIBIL,4/20/2021,1,RS,Intra Country,2,4/15/2021,63,807,$2.47 ,1988.78
CFDOIY,4/20/2021,1,RS,Intra Country,3,4/20/2021,45,631,$0.68 ,429.58
JPPYUO,4/20/2021,1,RS,Intra Country,2,4/20/2021,45,"1,464",$0.27 ,393.9
ITZVLJ,4/20/2021,1,RS,Intra Country,1,4/19/2021,13,545,$0.75 ,410.66
GSDKWH,4/20/2021,1,RS,Intra Country,4,4/20/2021,51,"3,655",$0.18 ,670
KTOONU,4/20/2021,1,OS,Intra Country,1,4/20/2021,45,732,$0.25 ,184.92
KTOONU,4/20/2021,1,OS,Intra Country,1,4/20/2021,46,732,$0.20 ,145.92
ZUOGVF,4/20/2021,1,RS,Intra Country,4,4/19/2021,31,"2,490",$0.34 ,857.14
SSUBIS,4/21/2021,0,RS,Intra Country,3,3/29/2021,67,"1,679", $-   ,0
CJAAKO,4/21/2021,1,OS,Intra Country,1,4/9/2021,12,392,$0.30 ,117.95
KUHMAI,4/21/2021,1,RS,Intra Country,3,4/19/2021,25,"1,811",$0.16 ,289.51
MLLFAI,4/21/2021,1,OS,Inter Continental,1,4/20/2021,44,"6,184",$0.85 ,5258.75
MLLFAI,4/21/2021,1,OS,Inter Continental,2,4/20/2021,47,"6,267",$1.02 ,6406.6
TOEAOK,4/21/2021,1,RS,Intra Country,6,4/14/2021,35,"1,472",$0.19 ,285.48
QMKADE,4/21/2021,1,RS,Intra Country,3,4/21/2021,29,"2,490",$0.24 ,585.37
DWRDGJ,4/21/2021,1,OS,Intra Country,1,4/20/2021,24,996,$0.24 ,241.47
DWRDGJ,4/21/2021,1,OS,Intra Country,1,4/20/2021,25,996,$0.07 ,74.4
LWJEOK,4/21/2021,1,RS,Intra Country,4,4/20/2021,23,"2,461",$0.32 ,777.83
JHQUYM,4/21/2021,1,RS,Intra Country,2,4/21/2021,30,"1,450",$0.25 ,365.03
ILLBDI,4/21/2021,1,RS,Intra Country,3,4/21/2021,50,"2,685",$0.20 ,547.02
QDQOMN,4/21/2021,1,RS,Intra Country,2,4/21/2021,35,789,$0.54 ,428.64
ZWQCOT,4/21/2021,1,OS,Intra Country,1,3/12/2021,41,157,$1.06 ,167.04
ZWQCOT,4/21/2021,1,OS,Intra Country,1,3/12/2021,42,144,$1.09 ,155.91
DEMPTW,4/22/2021,1,RS,Intra Country,4,2/25/2021,84,"1,898", $-   ,0
UOWZNU,4/22/2021,1,OS,Intra Country,1,3/12/2021,41,547,$0.88 ,481.61
GRRGSS,4/22/2021,1,RS,Intra Country,3,4/21/2021,44,"1,464",$0.39 ,570.22
TNGJXJ,4/22/2021,1,RS,Intra Country,2,4/21/2021,7,427,$1.03 ,440.31
SIKUDJ,4/22/2021,1,RS,Intra Country,2,4/22/2021,42,"2,511",$0.15 ,382.37
IGRYXS,4/22/2021,1,RS,Intra Country,2,4/22/2021,18,"1,155",$1.06 ,1220.8
UWWZGJ,4/22/2021,1,RS,Intra Country,3,4/22/2021,29,"2,301",$0.16 ,370.97
SPLFZE,4/22/2021,1,RS,Intra Country,3,4/22/2021,7,"1,808",$0.27 ,485.48
BFFQIO,4/22/2021,1,OM,Intra Country,2,4/22/2021,28,"2,145",$0.14 ,310.06
UAVWSD,4/22/2021,1,OS,Intra Country,1,4/12/2021,17,404,$0.37 ,150.61
JHUAEO,4/22/2021,1,RS,Intra Country,3,4/22/2021,7,"1,808",$0.27 ,485.48
JDWCMH,4/22/2021,1,RS,Intra Country,2,4/22/2021,10,"1,242",$0.59 ,736.11
CDDSEW,4/22/2021,1,OS,Intra Country,1,4/22/2021,28,239,$0.55 ,132.02
CDDSEW,4/22/2021,1,RS,Intra Country,3,4/22/2021,28,"2,037",$0.27 ,542.19
KTVGGQ,4/22/2021,1,RS,Intra Country,4,4/22/2021,49,"3,025",$0.38 ,1137.18
AYAIUJ,4/23/2021,0,RS,Intra Country,2,3/4/2021,56,351,$0.36 ,124.53
JEXBNN,4/23/2021,0,RS,Intra Country,2,4/13/2021,10,806,$2.07 ,1668.44
XQOVWS,4/23/2021,0,OS,Intra Country,1,4/15/2021,9,758,$0.74 ,558.16
ILMLGY,4/23/2021,1,RS,Intra Country,2,4/22/2021,7,"2,015",$1.01 ,2025.17
VCMPXS,4/23/2021,1,OS,Intra Country,1,4/23/2021,7,229,$0.95 ,217.97
MEYOHX,4/23/2021,1,RS,Intra Country,2,4/21/2021,53,"5,028",$0.09 ,435.57
VDUFJX,4/23/2021,1,OS,Intra Country,2,4/23/2021,20,"2,451",$1.11 ,2726.4
VDUFJX,4/23/2021,1,OS,Intra Country,1,4/23/2021,22,"2,472",$1.11 ,2742.4
SGJNWY,4/23/2021,1,RS,Intra Country,3,4/23/2021,48,473,$0.31 ,144.17
ZOETEW,4/23/2021,1,RS,Intra Country,2,4/23/2021,28,"1,773",$0.20 ,359.25
WSKTLA,4/23/2021,1,RS,Intra Country,2,4/23/2021,26,466,$0.85 ,398
XWOYUN,4/23/2021,1,RS,Intra Country,4,4/23/2021,20,"1,992",$0.24 ,482.94
LBSJKM,4/23/2021,1,RS,Intra Country,3,4/23/2021,21,"1,397",$0.49 ,685.8
AWOGAX,4/23/2021,1,OS,Intra Country,1,4/23/2021,27,831,$0.16 ,133.57
QXQPNA,4/23/2021,1,RS,Intra Country,3,4/22/2021,123,"2,181",$0.20 ,426.47
QAVHBC,4/23/2021,1,RS,Intra Country,2,4/23/2021,20,"1,605",$0.16 ,258.36
AOBROA,4/23/2021,1,RS,Intra Country,4,4/23/2021,20,"1,605",$0.16 ,258.36
MJTDYF,4/23/2021,1,RS,Intra Country,4,4/23/2021,20,"1,605",$0.16 ,258.36
XRNBHA,4/23/2021,1,RS,Intra Country,3,4/23/2021,20,"1,605",$0.11 ,183.07
YZWRTA,4/23/2021,1,RS,Intra Country,4,4/23/2021,20,"1,605",$0.16 ,258.36
XTSIPF,4/23/2021,1,RS,Intra Country,4,4/23/2021,20,"1,605",$0.21 ,342.64
SNFBFI,4/25/2021,1,RS,Intra Country,3,4/15/2021,63,"5,329",$0.48 ,2558.11
EATTLV,4/26/2021,1,OS,Intra Country,1,4/1/2021,64,732,$0.54 ,394.89
EATTLV,4/26/2021,1,OS,Intra Country,1,4/1/2021,65,732,$0.10 ,74.18
ZWENFQ,4/26/2021,0,OS,Intra Country,1,3/12/2021,93,856,($0.14),122.69
ZWENFQ,4/26/2021,1,OS,Intra Country,1,3/12/2021,94,451,$0.31 ,140.82
MOKLCU,4/26/2021,1,RS,Intra Country,2,4/23/2021,20,"1,605",$0.23 ,373.21
MSYGLW,4/26/2021,1,RS,Intra Country,2,4/26/2021,39,"1,353",$0.17 ,232.99
MTZABM,4/26/2021,1,RS,Intra Country,4,4/26/2021,38,"2,168",$0.10 ,214.81
ZKUHGD,4/26/2021,1,RS,Intra Country,3,4/26/2021,22,"1,600",$0.31 ,500.12
HJCHZW,4/26/2021,1,RS,Intra Country,3,4/26/2021,25,709,$0.14 ,96.07
WBCCLV,4/26/2021,1,RS,Intra Country,2,4/26/2021,3,959,$0.36 ,344.19
MGNYNH,4/26/2021,1,RS,Intra Country,1,4/26/2021,7,812,$0.36 ,292.24
ZIHTKD,4/26/2021,1,RS,Intra Country,3,4/26/2021,16,"2,200",$0.09 ,193.45
DHZECX,4/26/2021,1,RS,Intra Country,5,4/26/2021,18,"1,673",$0.28 ,475.26
EXMTIG,4/26/2021,1,RS,Intra Country,2,4/26/2021,16,984,$0.39 ,382.37
QZNNLZ,4/26/2021,1,OS,Intra Country,1,4/26/2021,4,841,$0.61 ,515.2
QZNNLZ,4/26/2021,1,RO,Intra Country,4,4/26/2021,3,"5,575",$0.50 ,2808.2
AODJVQ,4/26/2021,1,RS,Intra Country,3,4/26/2021,24,"1,875",$0.22 ,404.45
ESMCCE,4/26/2021,1,OS,Intra Country,1,4/26/2021,16,955,$0.05 ,44.13
RRSDLL,4/26/2021,1,OS,Intra Country,1,4/26/2021,17,955,$0.05 ,44.13
YWEXND,4/26/2021,1,RS,Intra Country,3,4/26/2021,18,510,$1.07 ,544.03
GSBITQ,4/26/2021,1,RS,Intra Country,3,4/26/2021,18,510,$1.02 ,519.38
WVNFOD,4/26/2021,1,RS,Intra Country,3,4/26/2021,17,"2,012",$0.40 ,807.6
XTVRRM,4/27/2021,0,OS,Intra Country,1,4/7/2021,20,510,$0.32 ,161.46
LNQMSX,4/27/2021,0,RO,Intra Country,2,4/12/2021,32,569,($0.08),42.75
CFDOIY,4/27/2021,0,RS,Intra Country,4,4/20/2021,44,631,$0.06 ,38.4
HLLZUP,4/27/2021,1,RS,Intra Country,3,4/27/2021,17,"2,156",$0.15 ,330.64
GZNURQ,4/27/2021,1,RS,Intra Country,2,4/27/2021,23,"1,433",$0.28 ,399.49
WENYXZ,4/27/2021,1,RS,Intra Country,2,4/23/2021,8,"1,909",$1.08 ,2063.19
GLXWZU,4/27/2021,1,RS,Intra Country,3,4/27/2021,24,"1,848",$0.25 ,467.3
INIZXJ,4/27/2021,1,RS,Intra Country,2,4/21/2021,15,"1,857",$0.25 ,468.12
QVQYYK,4/27/2021,1,RS,Intra Country,2,4/13/2021,23,"1,857",$0.25 ,468.12
HWGANT,4/27/2021,1,RS,Intra Country,2,4/6/2021,26,671,$1.15 ,773.98
AVPCDM,4/27/2021,1,RS,Intra Country,3,4/26/2021,59,"2,215",$0.18 ,408.19
USVBWK,4/27/2021,1,RS,Intra Country,4,4/27/2021,20,"5,168",$0.28 ,1465.74
BVYMAQ,4/27/2021,1,RS,Intra Country,2,4/27/2021,24,536,$0.42 ,226.39
JHQUYM,4/28/2021,0,RS,Intra Country,3,4/21/2021,30,"1,450",$0.09 ,128.49
DCNRQC,4/28/2021,1,RS,Intra Country,2,4/27/2021,12,"1,510",$0.78 ,1183.49
FKVIMT,4/28/2021,1,RS,Intra Country,2,4/23/2021,54,"2,981",$0.67 ,1993.11
YFFJZR,4/28/2021,1,RO,Intra Country,5,4/28/2021,14,"2,179",$0.18 ,389.89
QDSDYW,4/28/2021,1,RS,Intra Country,3,4/28/2021,36,"5,534",$0.26 ,1446.44
SVZEPZ,4/28/2021,1,RS,Intra Country,2,2/24/2021,67,"3,308",$0.29 ,944.27
GTREMP,4/28/2021,1,RS,Intra Country,2,4/28/2021,4,"2,260",$0.29 ,657.88
GUMKAD,4/28/2021,1,RS,Intra Country,3,4/27/2021,117,"4,258",$0.16 ,666.11
ZQBJJF,4/28/2021,1,RS,Intra Country,3,4/28/2021,36,"2,200",$0.32 ,699.13
IGMJAZ,4/28/2021,1,RS,Intra Country,2,4/28/2021,4,"2,260",$0.29 ,657.88
LISEQP,4/28/2021,1,RS,Intra Country,3,4/28/2021,15,"2,341",$0.17 ,403.89
TUJRFB,4/28/2021,1,RS,Intra Country,4,4/28/2021,22,"1,928",$0.38 ,735.27
GEOYRG,4/28/2021,1,RS,Intra Country,3,4/28/2021,22,411,$0.48 ,196.49
ZMWJKB,4/29/2021,1,OS,Intra Country,1,3/22/2021,75,732,$0.23 ,166.31
ILLBDI,4/29/2021,1,OS,Intra Country,1,4/21/2021,50,"1,393", $-   ,0
CQRIAG,4/29/2021,1,RS,Intra Country,3,4/29/2021,105,"2,109",$0.17 ,349.67
TPSXYQ,4/29/2021,1,RS,Intra Country,4,4/28/2021,16,"4,571",$0.11 ,486.9
RHZUCT,4/29/2021,1,RS,Intra Country,2,4/29/2021,13,"2,168",$0.10 ,208.96
LOPLRG,4/29/2021,1,RS,Intra Country,1,4/28/2021,16,518,$1.50 ,774.64
IYYIAL,4/29/2021,1,OS,Intra Country,1,4/29/2021,13,929,$0.25 ,234.61
JZJRXM,4/29/2021,1,OS,Intra Country,1,4/29/2021,15,929,$0.25 ,234.61
SQNZWP,4/29/2021,1,OS,Intra Country,1,4/29/2021,44,"1,358",$0.22 ,297.79
SJRYZR,4/29/2021,1,RS,Intra Country,2,4/29/2021,3,616,$0.53 ,328.68
ULJUHF,4/29/2021,1,RS,Intra Country,2,4/29/2021,14,984,$0.58 ,566.85
CLWERB,4/29/2021,1,RS,Intra Country,2,4/29/2021,5,"2,065",$0.16 ,332.01
XKIEHH,4/30/2021,0,RS,Intra Country,2,4/15/2021,50,"1,353",$0.13 ,178.56
WMLSGH,4/30/2021,0,RS,Intra Country,2,4/15/2021,17,"1,635",$0.04 ,71.83
FKVIMT,4/30/2021,1,RS,Intra Country,2,4/23/2021,54,"2,981",$0.67 ,1993.11
MUOEOQ,4/30/2021,1,OS,Intra Country,1,4/29/2021,23,268,$0.30 ,81.04
MUOEOQ,4/30/2021,1,OS,Intra Country,1,4/29/2021,24,268,$0.86 ,230.88
SALQUW,4/30/2021,1,OS,Intra Country,1,4/29/2021,16,"1,234",$0.18 ,217.6
SALQUW,4/30/2021,1,OS,Intra Country,1,4/29/2021,14,"1,192",$0.19 ,223.4
LDQLSI,4/30/2021,1,RS,Intra Country,3,4/30/2021,56,356,$0.28 ,98.8
SVFPHU,4/30/2021,1,OS,Intra Country,1,4/29/2021,23,268,$0.30 ,81.04
SVFPHU,4/30/2021,1,OS,Intra Country,1,4/29/2021,24,268,$0.86 ,230.88
VDSRBR,4/30/2021,1,RS,Intra Country,2,4/30/2021,7,592,$0.78 ,462.3
AOSYJQ,4/30/2021,1,RS,Intra Country,2,4/30/2021,4,"3,938",$0.16 ,639.32
VGSVPK,4/30/2021,1,OS,Intra Country,1,4/30/2021,0,932,$0.30 ,282.73
MLSVBT,4/30/2021,1,OS,Intra Country,1,4/30/2021,0,480,$0.38 ,181.73
SAENOA,4/30/2021,1,OS,Intra Country,1,4/30/2021,16,"1,185",$0.22 ,261.12
SAENOA,4/30/2021,1,OS,Intra Country,1,4/30/2021,14,"1,185",$0.07 ,78.8
QDDUSL,4/30/2021,0,OS,Intra Country,-1,4/30/2021,-1,-929,$0.69 ,644.2
FKVIMT,5/1/2021,0,RS,Intra Country,-2,5/1/2021,-46,"-2,981",$0.67 ,1993.11
WSCLIK,5/3/2021,1,RS,Intra Country,2,5/3/2021,16,466,$0.90 ,417.8
MXLVUR,5/3/2021,1,OS,Intra Country,1,4/30/2021,35,479,$0.25 ,118.91
SZTRUP,5/3/2021,1,RS,Intra Country,3,4/30/2021,26,"3,178",$0.14 ,431
WSHUZJ,5/3/2021,1,RS,Intra Country,2,5/3/2021,31,"1,909",$0.14 ,271.84
QYQCED,5/3/2021,1,RS,Intra Country,3,4/13/2021,55,"1,958",$0.22 ,438.67
XDDWTF,5/3/2021,1,RS,Intra Country,2,5/3/2021,9,"2,132",$1.22 ,2603.47
EKLRCQ,5/3/2021,1,OS,Intra Country,1,4/26/2021,51,905,$0.75 ,680.2
YKKJPY,5/3/2021,1,OS,Intra Country,1,4/15/2021,63,"1,068",$1.45 ,1548.8
YKKJPY,5/3/2021,1,OS,Intra Country,1,4/15/2021,64,569,$1.12 ,640.4
CXVNKY,5/3/2021,1,RS,Intra Country,2,4/20/2021,23,"1,975",$0.46 ,908.85
VNHCXM,5/3/2021,1,RS,Intra Country,3,5/3/2021,7,"4,840",$0.12 ,564.79
XWRSWY,5/3/2021,1,RS,Intra Country,2,5/3/2021,3,"1,060",$0.95 ,1006.02
WOAION,5/3/2021,1,RS,Intra Country,3,5/3/2021,8,"1,751",$0.21 ,368.19
CJNUQJ,5/3/2021,1,OS,Intra Country,1,5/3/2021,5,570,$0.85 ,484.84
IBPNPW,5/4/2021,1,RS,Intra Country,2,5/3/2021,3,"1,721",$0.45 ,772.65
BPEQDX,5/4/2021,1,RS,Intra Country,3,5/4/2021,5,"2,042",$1.11 ,2264.31
EIYKAI,5/4/2021,1,RS,Intra Country,2,5/4/2021,13,"2,625",$0.07 ,173.84
HOWWDW,5/4/2021,1,OM,Intra Country,2,5/4/2021,51,"2,787",$0.22 ,608.75
SNKNAJ,5/4/2021,1,RS,Intra Country,2,5/4/2021,10,729,$0.61 ,441.73
MCXSYG,5/4/2021,1,RS,Intra Country,3,4/30/2021,25,"3,178",$0.10 ,329.78
GYXBFH,5/4/2021,1,OS,Intra Country,1,4/19/2021,47,856,$0.19 ,160.9
AFPQIN,5/4/2021,1,RS,Intra Country,2,5/4/2021,8,"2,205",$0.17 ,367.96
GBTMRQ,5/4/2021,1,RS,Intra Country,2,5/4/2021,8,"2,456",$0.17 ,415.8
GBTMRQ,5/4/2021,0,RS,Intra Country,2,5/4/2021,8,"2,456",$0.11 ,280.61
TSKLOU,5/4/2021,1,RS,Intra Country,3,4/29/2021,14,"1,731",$0.18 ,305.16
AQATJU,5/4/2021,1,RS,Intra Country,2,5/4/2021,31,"2,592",$0.12 ,316.38
GSBOCI,5/4/2021,1,OS,Intra Country,1,5/4/2021,39,"1,822",$0.16 ,294.39
FCZJZF,5/4/2021,1,OS,Intra Country,1,5/4/2021,17,"1,478",$1.02 ,1512.95
FCZJZF,5/4/2021,1,OS,Intra Country,1,5/4/2021,18,"1,883",$0.42 ,798.79
SLMRTX,5/5/2021,0,OS,Intra Country,1,3/10/2021,73,"1,201", $-   ,0
IXUHWF,5/5/2021,1,OS,Intra Country,1,5/4/2021,37,"1,822",$0.14 ,263.4
IZDHQJ,5/5/2021,1,RS,Intra Country,2,5/5/2021,16,862,$0.25 ,212.8
IFHYWD,5/5/2021,1,OS,Intra Country,1,5/5/2021,14,"2,043",$0.17 ,352.2
IFHYWD,5/5/2021,1,OS,Intra Country,1,5/5/2021,15,"1,978",$0.13 ,253.51
IZSBYZ,5/5/2021,1,RS,Intra Country,3,5/4/2021,17,"1,928",$0.24 ,469.72
CHUDJP,5/5/2021,1,OS,Intra Country,1,5/3/2021,4,544,$0.40 ,219.56
YMWSVC,5/5/2021,1,RS,Intra Country,4,5/3/2021,7,"3,428",$0.24 ,806.74
WJSRSO,5/5/2021,1,RS,Intra Country,2,5/5/2021,7,"3,616",$0.10 ,348.24
DLQZIF,5/5/2021,1,RS,Intra Country,1,5/5/2021,13,392,$1.59 ,623.32
LVPVBE,5/5/2021,1,OS,Intra Country,1,5/5/2021,15,949,$0.21 ,198.07
CGBCFS,5/5/2021,1,RS,Intra Country,2,5/5/2021,16,663,$0.46 ,303.2
FHYBUR,5/5/2021,1,RS,Intra Country,3,5/4/2021,10,"2,235",$0.11 ,251.76
ZJVOAL,5/5/2021,0,RS,Intra Country,-2,5/5/2021,0,-713,$2.10 ,1494.4
DWRDGJ,5/6/2021,0,RS,Intra Country,2,4/20/2021,24,"1,992",$0.03 ,69.22
XTSIPF,5/6/2021,0,RS,Intra Country,4,4/23/2021,20,"1,605", $-   ,0
CXSAMA,5/6/2021,1,OM,Intra Country,4,5/3/2021,17,"2,582",$0.17 ,437.07
DAOLMW,5/6/2021,1,RS,Intra Country,3,5/5/2021,14,"4,019",$0.18 ,704.41
EMEABH,5/6/2021,1,OS,Intra Country,1,5/6/2021,28,"1,107",$0.21 ,233.65
GZBXVN,5/6/2021,1,RS,Intra Country,3,5/6/2021,28,"2,685",$0.19 ,514.84
LTJZIK,5/6/2021,1,OS,Intra Country,1,5/6/2021,7,784,$0.35 ,277.9
LTJZIK,5/6/2021,1,OS,Intra Country,1,5/6/2021,8,814,$0.34 ,278.35
LRJKEX,5/6/2021,1,RS,Intra Country,2,5/6/2021,13,784,$0.97 ,757.41
IZNUMW,5/6/2021,1,RS,Intra Country,2,5/6/2021,30,"3,882",$0.14 ,539.73
COHUSE,5/6/2021,1,OS,Intra Country,1,5/5/2021,35,"1,301",$0.11 ,147.81
COHUSE,5/6/2021,1,OS,Intra Country,1,5/5/2021,34,"1,043",$0.24 ,246.2
KHCADR,5/6/2021,1,RS,Intra Country,2,5/5/2021,11,826,$0.98 ,809.8
LFIPHZ,5/6/2021,1,RS,Intra Country,2,5/6/2021,10,826,$0.98 ,809.8
IMKFGK,5/6/2021,1,RS,Intra Country,2,5/5/2021,34,"1,244",$0.41 ,504.58
LHFKHC,5/6/2021,1,RS,Intra Country,2,5/6/2021,29,"3,687",$0.13 ,487.67
LHRPUX,5/6/2021,1,RS,Intra Country,4,5/6/2021,14,"2,447",$0.26 ,639.63
IDBJSB,5/6/2021,1,RS,Intra Country,2,5/5/2021,12,"1,230",$0.18 ,225.45
QUVCIB,5/6/2021,1,RS,Intra Country,3,5/6/2021,35,"3,679",$0.27 ,993.36
XKZVEI,5/7/2021,0,OS,Intra Country,1,4/7/2021,53,893, $-   ,0
XKZVEI,5/7/2021,1,RS,Intra Country,6,4/7/2021,48,"1,785", $-   ,0
IGRYXS,5/7/2021,1,RS,Intra Country,2,4/22/2021,18,"1,155",$1.21 ,1396.8
XRNBHA,5/7/2021,0,RS,Intra Country,3,4/23/2021,20,"1,605", $-   ,0
WOAION,5/7/2021,0,RS,Intra Country,3,5/3/2021,7,"1,751",$0.11 ,185.66
LWDCNZ,5/7/2021,1,OM,Intra Country,3,5/5/2021,14,"1,489",$0.51 ,762.12
ZVJXIF,5/7/2021,1,OS,Intra Country,1,5/6/2021,29,955,$0.11 ,106.04
THYFTH,5/7/2021,1,RS,Intra Country,3,5/7/2021,7,"1,574",$0.34 ,538.42
DQRFII,5/7/2021,1,RS,Intra Country,3,5/5/2021,9,"1,084",$0.37 ,401.5
KKSRYC,5/7/2021,1,RS,Intra Country,3,5/6/2021,14,"1,828",$0.23 ,416.67
RVRAOE,5/7/2021,1,RS,Intra Country,2,5/7/2021,14,"3,737",$0.11 ,427.33
UWSYBO,5/7/2021,1,OS,Intra Country,1,5/7/2021,39,"1,068",$1.05 ,1116.8
UWSYBO,5/7/2021,1,OS,Intra Country,1,5/7/2021,41,"1,749",$0.63 ,1095.2
IEJEBN,5/7/2021,1,RS,Intra Country,2,5/7/2021,47,576,$1.14 ,657.9
STAMQJ,5/7/2021,1,OS,Intra Country,1,5/7/2021,13,"1,227",$0.33 ,408.85
STAMQJ,5/7/2021,1,OS,Intra Country,1,5/7/2021,15,"1,446",$0.18 ,254.06
KSFXHE,5/7/2021,1,OS,Intra Country,1,5/7/2021,15,"1,089",$0.07 ,72.21
LVSPVX,5/7/2021,1,RS,Intra Country,3,5/6/2021,12,"6,225",$0.11 ,687.5
RKCYHD,5/7/2021,1,RS,Intra Country,3,5/7/2021,14,616,$1.14 ,705.71
IGRYXS,5/7/2021,0,RS,Intra Country,-2,5/7/2021,-3,"-1,155",$1.06 ,1220.8
SYTGOZ,5/8/2021,0,RS,Intra Country,3,4/16/2021,28,"1,909",$0.32 ,603.1
VYMWIT,5/8/2021,1,RS,Intra Country,3,5/7/2021,14,747,$0.43 ,321.96
HMQFHU,5/9/2021,1,OS,Inter Continental,2,5/7/2021,8,"5,925",$1.08 ,6396.8
HMQFHU,5/9/2021,1,OS,Inter Continental,1,5/7/2021,5,"5,954",$0.41 ,2459.95
CCWOFO,5/10/2021,1,OS,Intra Country,1,3/22/2021,80,"1,826", $-   ,0
QAVHBC,5/10/2021,0,RS,Intra Country,4,4/23/2021,20,"1,605",$0.11 ,183
AODJVQ,5/10/2021,0,RS,Intra Country,3,4/26/2021,24,"1,875", $-   ,0
AFPQIN,5/10/2021,0,RS,Intra Country,2,5/4/2021,8,"2,205",$0.14 ,310
YMWSVC,5/10/2021,1,RS,Intra Country,3,5/3/2021,7,"3,469", $-   ,0
JXPCVL,5/10/2021,1,OM,Intra Country,3,5/7/2021,7,"2,463",$0.18 ,441.92
SXQUGP,5/10/2021,1,OS,Intra Country,2,5/10/2021,32,"1,822",$0.07 ,133.4
RTHXSD,5/10/2021,1,OS,Intra Country,2,5/10/2021,32,"1,822",$0.07 ,133.4
CFIYNO,5/10/2021,1,RS,Intra Country,4,5/7/2021,27,"1,928",$0.46 ,878.76
XYMVLB,5/10/2021,1,RS,Intra Country,2,5/10/2021,25,"3,436",$0.22 ,752.68
UWGKFF,5/10/2021,1,RS,Intra Country,3,5/10/2021,4,"4,170",$0.30 ,1256.48
VZOLAX,5/10/2021,1,RS,Intra Country,3,4/30/2021,26,"3,178",$0.15 ,492.21
JBQIWP,5/10/2021,1,RS,Intra Country,3,5/10/2021,32,"3,173",$0.27 ,849.42
RBOTGL,5/10/2021,1,OS,Intra Country,1,5/5/2021,18,"1,014",$0.27 ,271.18
RBOTGL,5/10/2021,1,OS,Intra Country,1,5/5/2021,19,915,$0.36 ,326.95
DLBRJX,5/10/2021,1,RS,Intra Country,3,5/10/2021,11,"1,912",$0.46 ,874.4
GAXMLT,5/10/2021,1,RO,Intra Country,3,4/30/2021,48,"4,474",$0.32 ,1410.48
CZBVFL,5/10/2021,1,RS,Intra Country,3,5/7/2021,13,"1,406",$0.19 ,271.11
SWOKXD,5/10/2021,1,RS,Intra Country,3,5/10/2021,10,"2,354",$0.24 ,561.81
ZNBPBV,5/10/2021,1,RS,Intra Country,2,5/10/2021,25,"2,401",$0.07 ,160.97
TIHLUX,5/10/2021,1,RS,Intra Country,2,5/10/2021,25,"2,401",$0.06 ,141.97
YHOZFG,5/10/2021,1,RS,Intra Country,3,5/10/2021,10,"2,913",$0.30 ,882.8
QAVHBC,5/11/2021,0,RS,Intra Country,2,4/23/2021,20,"1,605",$0.05 ,76.45
AOBROA,5/11/2021,0,RS,Intra Country,3,4/23/2021,20,"1,605",$0.48 ,768.67
XTSIPF,5/11/2021,0,RS,Intra Country,3,4/23/2021,20,"1,605",$0.18 ,294.33
VNHCXM,5/11/2021,0,OS,Intra Country,1,5/3/2021,9,"2,467", $-   ,0
WKIJTO,5/11/2021,1,OS,Intra Country,1,5/7/2021,27,"1,262",$0.12 ,153.4
JGRETJ,5/11/2021,1,RS,Intra Country,2,5/10/2021,10,"1,577",$0.29 ,462.89
ZHWAHX,5/11/2021,1,RS,Intra Country,3,4/27/2021,29,"1,455",$0.27 ,398.11
UBXLST,5/11/2021,1,RS,Intra Country,2,5/11/2021,24,"1,897",$0.14 ,273.3
ZOZMNE,5/11/2021,1,OS,Intra Country,1,5/10/2021,13,"1,280",$0.32 ,410.35
ZOZMNE,5/11/2021,1,OS,Intra Country,1,5/10/2021,11,"1,192",$0.15 ,173.4
MSOBZY,5/11/2021,1,RS,Intra Country,2,5/11/2021,23,"2,214",$0.29 ,648.25
WLUITB,5/11/2021,1,RS,Intra Country,2,5/11/2021,25,"3,558",$0.15 ,517.44
UZRFGD,5/11/2021,1,RS,Intra Country,2,4/21/2021,35,"1,436",$1.18 ,1689.3
SSLEIH,5/11/2021,1,RO,Intra Country,3,5/10/2021,26,"2,882",$0.23 ,654.72
LWDTZS,5/11/2021,1,OS,Intra Country,1,5/5/2021,18,"1,014",$0.27 ,271.18
LWDTZS,5/11/2021,1,OS,Intra Country,1,5/5/2021,19,915,$0.47 ,432.25
GZPIUA,5/11/2021,1,RS,Intra Country,1,4/21/2021,36,834,$1.30 ,1081.59
DGIHAN,5/11/2021,1,RS,Intra Country,2,5/11/2021,10,"2,038",$0.46 ,935.94
MJTDYF,5/12/2021,0,RS,Intra Country,3,4/23/2021,20,"1,605",$0.30 ,476.05
YZWRTA,5/12/2021,0,RS,Intra Country,3,4/23/2021,20,"1,605",$0.11 ,171.12
DAOLMW,5/12/2021,0,RS,Intra Country,5,5/5/2021,14,"4,019",$0.03 ,134.49
HWLCSH,5/12/2021,1,RS,Intra Country,2,5/6/2021,17,446,$0.59 ,261.13
AUUDSS,5/12/2021,1,RS,Intra Country,2,5/6/2021,17,446,$0.59 ,261.13
DNXGTI,5/12/2021,1,RS,Intra Country,2,5/12/2021,24,"2,877",$0.16 ,456.84
VVMZKD,5/12/2021,1,RS,Intra Country,2,5/11/2021,12,"1,224",$0.46 ,563.76
CLCROB,5/12/2021,1,RS,Intra Country,3,5/12/2021,10,"2,017",$0.18 ,372.93
EVXBXI,5/12/2021,1,RS,Intra Country,2,5/10/2021,26,"3,687",$0.19 ,689.2
SNPBVI,5/12/2021,1,RO,Intra Country,1,4/30/2021,26,865,$0.41 ,357.72
TTEHXE,5/12/2021,1,RS,Intra Country,2,5/12/2021,16,816,$0.65 ,526.63
CQFELL,5/12/2021,1,RS,Intra Country,2,5/5/2021,11,"2,589",$0.31 ,807.11
AJGHOP,5/12/2021,1,OS,Intra Country,1,5/12/2021,24,803,$0.31 ,247.19
AJGHOP,5/12/2021,1,OS,Intra Country,1,5/12/2021,25,"1,043",$0.33 ,343.68
XTRYLG,5/12/2021,1,RS,Intra Country,2,5/11/2021,30,469,$0.45 ,212.13
LXTQOR,5/12/2021,1,RS,Intra Country,3,5/6/2021,14,"1,983",$0.20 ,392.02
GIGSYX,5/12/2021,1,OM,Intra Country,3,5/11/2021,15,"2,065",$0.23 ,484.56
KKCTRF,5/12/2021,1,RS,Intra Country,2,3/22/2021,73,"4,335",$0.22 ,953.59
TQRODM,5/12/2021,1,RS,Intra Country,2,5/12/2021,24,"1,605",$0.22 ,347.03
VQOOFK,5/13/2021,1,OS,Intra Country,1,5/13/2021,28,"1,843",$0.26 ,476.54
VQOOFK,5/13/2021,1,OS,Intra Country,1,5/13/2021,31,"1,828",$0.24 ,430
JOPYZG,5/13/2021,1,RS,Intra Country,2,5/13/2021,102,"2,625",$0.10 ,262.43
VNEQHI,5/13/2021,1,OS,Intra Country,1,5/13/2021,8,"1,089",$0.24 ,263.04
VNEQHI,5/13/2021,1,OS,Intra Country,1,5/13/2021,9,"1,089",$0.09 ,100.87
DJLCEW,5/13/2021,1,RS,Intra Country,3,5/13/2021,8,"3,009",$0.26 ,791.25
CMKSSV,5/13/2021,1,RS,Intra Country,3,5/13/2021,28,"4,126",$0.44 ,1809
DXPFAX,5/13/2021,1,OS,Intra Country,1,5/13/2021,39,236,$0.21 ,48.98
WSXXGM,5/13/2021,1,OS,Intra Country,1,5/13/2021,40,236,$0.28 ,66.77
WVIMLI,5/13/2021,1,RS,Intra Country,2,5/13/2021,8,"1,857",$0.23 ,420.61
WASVAR,5/13/2021,1,RS,Intra Country,3,5/13/2021,5,"2,079",$0.20 ,413.23
EXLNGR,5/13/2021,1,RS,Intra Country,2,5/13/2021,10,556,$0.72 ,400.92
RMGLIG,5/13/2021,1,RS,Intra Country,3,5/13/2021,7,"2,373",$0.09 ,215.55
WHOWHG,5/13/2021,1,RS,Intra Country,2,5/13/2021,23,"3,339",$0.08 ,264.4
HMQFHU,5/13/2021,0,OS,Inter Continental,-2,5/13/2021,-2,"-5,925",$1.08 ,6396.8
LKGUWE,5/14/2021,1,RS,Intra Country,3,3/10/2021,72,"1,898",$0.02 ,33.2
LOPLRG,5/14/2021,0,OS,Intra Country,1,4/28/2021,16,259,$0.06 ,14.27
JXPCVL,5/14/2021,0,OM,Intra Country,3,5/7/2021,7,"2,463",$0.08 ,200.82
XPFQLN,5/14/2021,1,RS,Intra Country,2,5/14/2021,22,"1,107",$0.24 ,267.78
QUDMPM,5/14/2021,1,RS,Intra Country,3,5/13/2021,8,"1,487",$0.36 ,539.25
VYGQKV,5/14/2021,1,RS,Intra Country,2,5/13/2021,4,"1,178",$0.23 ,266.08
SMAECJ,5/14/2021,1,RS,Intra Country,2,5/14/2021,4,"2,116",$0.29 ,621.47
SMAECJ,5/14/2021,1,RS,Intra Country,2,5/14/2021,4,"2,116",$0.15 ,307.51
TGMYYJ,5/14/2021,1,OS,Intra Country,1,5/14/2021,7,"1,123",$0.39 ,443.4
KHTYJR,5/14/2021,1,OS,Intra Country,1,5/14/2021,2,"1,123",$0.21 ,240.46
HULGSM,5/14/2021,1,RS,Intra Country,3,5/13/2021,21,"1,723",$0.29 ,496.86
QWMNXF,5/14/2021,1,RS,Intra Country,3,5/14/2021,28,518,$0.66 ,341.43
GWMRWB,5/14/2021,1,RS,Intra Country,2,5/14/2021,23,"1,683",$0.39 ,649.02
WZXZPI,5/14/2021,1,RS,Intra Country,2,5/10/2021,25,739,$1.96 ,1446.83
MZITRF,5/16/2021,1,OS,Intra Country,1,4/12/2021,34,"1,257",$0.54 ,679.44
GRWCWN,5/17/2021,0,RS,Intra Country,3,3/3/2021,78,"2,523", $-   ,0
GRWCWN,5/17/2021,1,RS,Intra Country,3,3/3/2021,78,"2,523", $-   ,0
DLQZIF,5/17/2021,0,RS,Intra Country,2,5/5/2021,12,392,$0.23 ,89.01
LHRPUX,5/17/2021,0,RS,Intra Country,4,5/6/2021,14,"2,455",$0.08 ,189.38
MCGERU,5/17/2021,1,RS,Intra Country,3,5/17/2021,24,"4,490",$0.11 ,473.69
MNXKKC,5/17/2021,1,OS,Intra Country,1,5/17/2021,2,"1,167",$0.40 ,466.4
MVFEPO,5/17/2021,1,RS,Intra Country,3,5/17/2021,25,"1,063",$0.49 ,524.78
GQWZVV,5/17/2021,1,RS,Intra Country,3,5/17/2021,24,"3,656",$0.74 ,2715.06
AJXCCM,5/17/2021,1,RS,Intra Country,3,5/17/2021,4,462,$0.41 ,188.03
ZRXGXI,5/17/2021,1,RS,Intra Country,4,5/6/2021,14,993,$0.48 ,472.45
EVNFSS,5/17/2021,1,RO,Intra Country,3,5/11/2021,9,"2,013",$0.15 ,307.32
MGOQEY,5/17/2021,1,RS,Intra Country,3,5/14/2021,6,"1,020",$0.58 ,596.62
EKEQLT,5/17/2021,1,RS,Intra Country,2,5/12/2021,12,518,$0.42 ,219.85
XKEJCT,5/17/2021,1,OS,Intra Country,1,5/17/2021,24,418,$0.60 ,252.29
XKEJCT,5/17/2021,1,OS,Intra Country,1,5/17/2021,25,403,$1.59 ,642.39
QSYFQA,5/17/2021,1,RS,Intra Country,2,5/17/2021,3,510,$0.80 ,407.18
UDNRDH,5/17/2021,1,RS,Intra Country,3,5/17/2021,18,"1,731",$0.32 ,550.8
HDUXRA,5/17/2021,0,RS,Intra Country,-3,5/17/2021,-2,-533,$0.60 ,322.06
DSYXFA,5/18/2021,0,OS,Intra Country,1,4/9/2021,39,"1,313",$0.01 ,14.69
USVBWK,5/18/2021,1,OS,Intra Country,2,4/27/2021,22,"2,581",$0.93 ,2402.41
EIYKAI,5/18/2021,0,OS,Intra Country,1,5/4/2021,14,"1,313",$0.03 ,39.2
DXNKLN,5/18/2021,1,OS,Intra Country,1,5/14/2021,21,"1,536",$0.30 ,457.34
DXNKLN,5/18/2021,1,OS,Intra Country,1,5/14/2021,22,"1,761",$0.29 ,506.2
WEPHTB,5/18/2021,1,OS,Intra Country,1,5/17/2021,46,308,$0.25 ,76.34
XDPCXE,5/18/2021,1,RS,Intra Country,2,5/18/2021,9,"3,687",$0.18 ,652.97
XHXQRH,5/18/2021,1,OS,Intra Country,1,5/18/2021,15,364,$1.36 ,495.34
XHXQRH,5/18/2021,1,OS,Intra Country,1,5/18/2021,14,394,$1.31 ,515.2
GQBDLE,5/18/2021,1,OS,Intra Country,2,4/23/2021,54,"2,340",$0.20 ,459.1
AFDIOX,5/18/2021,1,RS,Intra Country,1,5/18/2021,9,287,$1.30 ,373.85
SAMIRC,5/18/2021,1,RS,Intra Country,3,5/18/2021,3,684,$0.61 ,420.23
GYFAMG,5/18/2021,1,OS,Intra Country,1,5/17/2021,27,638,$0.77 ,490.4
GYFAMG,5/18/2021,1,OS,Intra Country,1,5/17/2021,25,643,$0.47 ,301.88
TLWPKZ,5/18/2021,1,RS,Intra Country,1,5/17/2021,4,616,$0.37 ,227.48
YHOZFG,5/19/2021,0,RS,Intra Country,3,5/10/2021,10,"2,913", $-   ,0
YHOZFG,5/19/2021,1,RS,Intra Country,3,5/10/2021,10,"2,913", $-   ,0
TGMYYJ,5/19/2021,1,OS,Intra Country,2,5/14/2021,6,"1,123",$0.43 ,480.76
QSYFQA,5/19/2021,1,RS,Intra Country,1,5/17/2021,4,510, $-   ,0
DKBISO,5/19/2021,1,RS,Intra Country,2,5/12/2021,28,"1,828",$0.23 ,416.53
AFFLAB,5/19/2021,1,RS,Intra Country,3,5/18/2021,16,"3,391",$0.08 ,264.65
QCRPTU,5/19/2021,1,RS,Intra Country,1,5/17/2021,4,616,$0.37 ,227.48
VURUWF,5/19/2021,1,RS,Intra Country,3,4/30/2021,35,"1,087",$0.65 ,703.95
SQDXQM,5/19/2021,1,RS,Intra Country,2,4/16/2021,65,807,$1.59 ,1284.79
AAGLVS,5/19/2021,1,RS,Intra Country,2,5/12/2021,39,"1,377",$0.20 ,276.18
ZGMZNB,5/19/2021,1,RS,Intra Country,2,5/19/2021,15,"1,499",$0.39 ,587.51
XVILBS,5/19/2021,1,RS,Intra Country,2,5/18/2021,6,518,$0.47 ,241.35
LTHJYX,5/19/2021,1,RS,Intra Country,2,5/12/2021,21,"1,731",$0.24 ,409.05
BXVXJN,5/19/2021,1,RS,Intra Country,1,5/17/2021,4,616,$0.40 ,246.77
TJTIRM,5/19/2021,1,RS,Intra Country,1,5/17/2021,4,616,$0.44 ,273.77
MNXKKC,5/19/2021,0,OS,Intra Country,-1,5/19/2021,0,"-1,167",$0.40 ,466.4
VIZAJT,5/20/2021,0,OS,Intra Country,1,3/29/2021,67,"1,201", $-   ,0
VIZAJT,5/20/2021,1,OS,Intra Country,1,3/29/2021,67,"1,201", $-   ,0
CIXWAQ,5/20/2021,1,RS,Intra Country,3,5/20/2021,22,"4,797",$0.13 ,643.01
TKNTVM,5/20/2021,1,RS,Intra Country,1,5/17/2021,4,593,$0.51 ,303.27
YWAWTB,5/20/2021,1,RS,Intra Country,2,5/19/2021,17,"3,687",$0.42 ,1547.26
XDUAIV,5/20/2021,1,RS,Intra Country,1,5/17/2021,4,616,$0.60 ,367.7
LQLVWF,5/20/2021,1,RS,Intra Country,3,5/20/2021,14,"3,009",$0.08 ,252.24
LCNCXG,5/20/2021,1,RS,Intra Country,3,5/20/2021,22,518,$0.66 ,340.9
ACUCVS,5/20/2021,1,OS,Intra Country,1,5/20/2021,16,"1,201",$0.08 ,91.82
UAKKIH,5/20/2021,1,RS,Intra Country,2,5/20/2021,15,"3,436",$0.09 ,308.16
EQIDVI,5/20/2021,1,OS,Intra Country,1,5/20/2021,33,952,$0.35 ,331
ABHIMX,5/20/2021,1,OM,Intra Country,3,5/20/2021,13,"3,466",$0.15 ,519.16
ERPOYC,5/20/2021,1,OS,Intra Country,1,5/20/2021,34,763,$0.22 ,167.11
TTEHXE,5/21/2021,1,OS,Intra Country,1,5/12/2021,15,471,$0.80 ,377.8
TTEHXE,5/21/2021,0,OS,Intra Country,1,5/12/2021,16,408, $-   ,0
TTEHXE,5/21/2021,1,RS,Intra Country,2,5/12/2021,15,879, $-   ,0
AJKXQE,5/21/2021,1,RS,Intra Country,2,5/19/2021,22,"2,637",$0.44 ,1168.75
EYYTLG,5/21/2021,1,RS,Intra Country,2,5/20/2021,8,775,$0.91 ,704.42
WICWSA,5/21/2021,1,RS,Intra Country,3,5/21/2021,22,"2,245",$0.41 ,924.29
XNCYXG,5/21/2021,1,RS,Intra Country,2,3/22/2021,71,"3,134",$0.29 ,897.95
DQUXOT,5/21/2021,1,OS,Intra Country,1,5/11/2021,30,"1,532",$0.13 ,204.52
KNPUTJ,5/21/2021,1,OS,Intra Country,1,5/20/2021,15,"1,764",$0.17 ,302.52
RMPHYG,5/21/2021,1,OM,Intra Country,2,5/21/2021,15,"1,765",$0.19 ,326.76
TPBKIC,5/21/2021,1,RS,Intra Country,2,5/18/2021,20,518,$0.37 ,191.47
WJQBHE,5/21/2021,1,RS,Intra Country,3,5/19/2021,22,"1,773",$0.28 ,503.54
EZIYFQ,5/21/2021,1,RS,Intra Country,2,5/21/2021,17,"2,125",$0.23 ,478.94
EEFKJE,5/21/2021,1,OS,Intra Country,1,5/21/2021,23,288,$1.13 ,325.45
IEWOVL,5/21/2021,1,RS,Intra Country,4,5/21/2021,20,"4,448",$0.33 ,1457.15
QAQSUT,5/22/2021,0,OS,Intra Country,1,2/25/2021,87,597,$0.12 ,71.2
HWLCSH,5/24/2021,1,RM,Intra Country,2,5/6/2021,17,669,$0.18 ,119.54
HEPOSB,5/24/2021,1,OS,Intra Country,1,5/21/2021,26,178,$1.50 ,266.4
KKQEIC,5/24/2021,1,RS,Intra Country,2,5/24/2021,11,469,$0.65 ,307.03
KBCYLZ,5/24/2021,1,OM,Intra Country,3,5/24/2021,11,"2,372",$0.58 ,1364.21
WXWLLJ,5/24/2021,1,RS,Intra Country,2,5/24/2021,11,"1,353",$0.17 ,226.19
RHILDL,5/24/2021,1,RS,Intra Country,2,5/24/2021,11,"1,353",$0.17 ,226.19
MOGYBG,5/24/2021,1,RS,Intra Country,2,5/24/2021,12,"2,401",$0.12 ,283.02
KYEVXX,5/24/2021,1,RS,Intra Country,2,5/24/2021,1,"2,042",$0.35 ,717.83
XYFLWL,5/24/2021,0,RS,Intra Continental,-3,5/24/2021,0,"-4,311",$0.10 ,448.06
XFWPKX,5/24/2021,0,RS,Intra Continental,-3,5/24/2021,0,"-4,346",$0.39 ,1687.94
XKZVEI,5/25/2021,1,OS,Intra Country,1,4/7/2021,48,893,$0.23 ,203.83
AUUDSS,5/25/2021,1,OM,Intra Country,1,5/6/2021,18,446,$0.27 ,119.54
GVTUQE,5/25/2021,1,RS,Intra Country,2,5/24/2021,12,"3,486",$0.89 ,3108.8
ZVEIIL,5/25/2021,1,RS,Intra Country,2,5/24/2021,10,"2,342",$0.27 ,624.64
QRRRTC,5/25/2021,1,RO,Intra Country,2,5/17/2021,31,"4,681",$0.35 ,1646.8
JXJSOH,5/25/2021,1,RS,Intra Country,3,5/25/2021,10,"1,436",$0.49 ,696.97
JEDSMY,5/25/2021,1,OS,Intra Country,1,5/25/2021,16,797,$0.46 ,366.38
TYBJAC,5/25/2021,1,OS,Intra Country,1,5/25/2021,8,"1,662",$0.25 ,416.05
DDPCXW,5/25/2021,1,RS,Intra Country,4,5/25/2021,24,984,$0.25 ,247.83
KUEOLC,5/25/2021,1,RS,Intra Country,2,5/24/2021,67,973,$0.60 ,585.52
JIOPFF,5/25/2021,1,RS,Intra Country,2,5/25/2021,9,"3,121",$0.16 ,486.71
SSTFLV,5/25/2021,1,RS,Intra Country,2,5/25/2021,10,"2,401",$0.29 ,698.55
KQALIL,5/25/2021,1,RS,Intra Country,2,5/12/2021,21,964,$0.29 ,284.35
VEJOVF,5/25/2021,1,RO,Intra Country,3,5/25/2021,17,"2,247",$0.33 ,736.51
VEJOVF,5/25/2021,1,OS,Intra Country,1,5/25/2021,19,"2,120",$0.27 ,576.7
DUPVUK,5/25/2021,1,RS,Intra Country,2,5/12/2021,21,964,$0.29 ,284.35
AXEYGX,5/25/2021,1,RS,Intra Country,3,5/25/2021,31,"2,070",$0.29 ,607.12
JDBYTD,5/25/2021,1,RO,Intra Country,2,5/18/2021,37,525,$1.45 ,760.88
WCEVUY,5/25/2021,1,RS,Intra Country,2,5/25/2021,9,"4,681",$0.12 ,556.8
BCIYBJ,5/26/2021,0,RS,Intra Country,3,3/31/2021,65,"3,687",$0.04 ,165.02
HUAREL,5/26/2021,1,RS,Intra Country,2,5/11/2021,20,939,$0.57 ,539.16
VZRVNQ,5/26/2021,1,RS,Intra Country,2,5/25/2021,9,"1,103",$0.32 ,355.6
EUYSAP,5/26/2021,1,RS,Intra Country,2,5/12/2021,21,964,$0.29 ,284.35
ZVPTBW,5/26/2021,1,RS,Intra Country,2,5/12/2021,21,964,$0.29 ,284.35
TLJDRI,5/26/2021,1,RS,Intra Country,4,5/25/2021,9,"4,681",$0.10 ,470.75
ZUQFXR,5/26/2021,1,OS,Intra Country,1,5/26/2021,7,326,$0.65 ,210.24
MZLXSS,5/26/2021,1,OS,Intra Country,1,5/26/2021,8,924,$0.18 ,164.34
GMVJCE,5/26/2021,1,OS,Intra Country,1,5/26/2021,10,"1,198",$0.08 ,97.7
XALZBS,5/26/2021,1,OS,Intra Country,1,5/26/2021,9,676,$0.17 ,113.19
XALZBS,5/26/2021,1,OS,Intra Country,1,5/26/2021,10,899,$0.15 ,130.96
UNTMUH,5/26/2021,1,RS,Intra Country,3,5/26/2021,9,"1,210",$0.51 ,621.97
UJYYCI,5/26/2021,1,OS,Intra Country,1,5/26/2021,9,718,$0.53 ,383.29
UJYYCI,5/26/2021,1,OS,Intra Country,1,5/26/2021,10,718,$0.24 ,175.12
DTBEQC,5/26/2021,1,OS,Intra Country,1,5/25/2021,10,611,$0.26 ,161.09
WFRHTY,5/26/2021,1,OS,Intra Country,1,5/26/2021,11,621,$0.26 ,161.09
DTLWSN,5/26/2021,1,RS,Intra Country,2,5/26/2021,145,"2,625",$0.18 ,471.16
YRNYOD,5/26/2021,1,RS,Intra Country,3,5/26/2021,30,"1,272",$0.34 ,426.6
QNCYLG,5/26/2021,1,RS,Intra Country,2,5/19/2021,22,"3,258",$0.16 ,529.4
TLTRDA,5/26/2021,1,OS,Intra Country,1,5/18/2021,37,"1,326",$0.18 ,239.47
ZHNPCQ,5/26/2021,1,RS,Intra Country,3,5/26/2021,9,"1,242",$0.26 ,322
VSADZG,5/26/2021,1,OS,Intra Country,1,5/26/2021,8,"2,584",$0.11 ,289.8
MMDIQV,5/26/2021,1,OS,Intra Country,1,5/26/2021,9,"1,201",$0.06 ,74.54
MMDIQV,5/26/2021,1,OS,Intra Country,1,5/26/2021,10,"1,201",$0.07 ,86.92
KNPUTJ,5/27/2021,0,OS,Intra Country,1,5/20/2021,15,"1,764",$0.15 ,260.84
VKIJRM,5/27/2021,1,RS,Intra Country,4,5/26/2021,29,"3,049",$0.15 ,459.54
UIOGUK,5/27/2021,1,OS,Intra Country,1,5/25/2021,19,666,$0.28 ,188.44
ZEPLME,5/27/2021,1,OS,Intra Country,1,3/22/2021,79,795,$0.19 ,147.33
SQIOSM,5/27/2021,1,RS,Intra Country,3,5/25/2021,17,891,$0.52 ,462.96
UUJTRV,5/27/2021,1,RS,Intra Country,3,5/25/2021,17,518,$0.69 ,359.65
QAMLHQ,5/27/2021,1,RS,Intra Country,3,5/26/2021,9,"3,687",$0.95 ,3489.59
APIABK,5/27/2021,1,RS,Intra Country,2,5/27/2021,7,"1,105",$0.34 ,378.24
BQEDZJ,5/27/2021,1,RS,Intra Country,2,5/27/2021,7,"1,105",$0.34 ,378.24
HKMEVG,5/27/2021,1,RS,Intra Country,2,5/26/2021,9,"1,242",$0.37 ,464.51
MAVILF,5/27/2021,1,RS,Intra Country,4,5/26/2021,20,"4,190",$0.25 ,1041.51
KKBAEF,5/27/2021,1,OS,Intra Country,1,5/27/2021,15,682,$0.18 ,119.34
KKBAEF,5/27/2021,1,OS,Intra Country,1,5/27/2021,17,666,$0.28 ,188.44
DQHJMI,5/28/2021,0,OS,Intra Country,1,3/16/2021,82,"1,732",$0.08 ,145.2
BVRWJW,5/28/2021,1,RS,Intra Country,3,5/28/2021,41,"2,109",$0.18 ,370.67
YADVGL,5/28/2021,1,RS,Intra Country,3,5/27/2021,20,"1,811",$0.18 ,323.98
HUWKJX,5/28/2021,1,RS,Intra Country,3,5/27/2021,20,"1,811",$0.18 ,323.98
DUZJCD,5/28/2021,1,RS,Intra Country,2,5/28/2021,7,"3,687",$0.16 ,601.76
CQRHLL,5/28/2021,1,OS,Intra Country,1,5/28/2021,7,647,$0.23 ,145.63
RRIRII,5/28/2021,1,RS,Intra Country,2,5/28/2021,7,"1,464",$0.33 ,486.36
JJYWWR,5/28/2021,1,OS,Intra Country,1,5/28/2021,6,405,$0.35 ,142.17
XWCNFB,5/28/2021,1,OS,Intra Country,1,5/27/2021,43,590,$0.73 ,427.85
XWCNFB,5/28/2021,1,OS,Intra Country,1,5/27/2021,42,809,$0.33 ,268.6
DDGMSR,5/28/2021,1,RS,Intra Country,3,5/28/2021,83,"1,310",$0.30 ,396.27
BDJNMK,5/28/2021,1,OS,Intra Country,1,5/20/2021,20,"1,673",$0.20 ,330.59
BDJNMK,5/28/2021,1,OS,Intra Country,1,5/20/2021,22,681,$0.33 ,222.59
RWBFJY,5/28/2021,1,RS,Intra Country,3,5/28/2021,14,"3,932",$0.20 ,768.92
RWBFJY,5/28/2021,0,RS,Intra Country,3,5/28/2021,14,"3,932",$0.14 ,533.26
KTKGEU,5/28/2021,1,RS,Intra Country,2,5/28/2021,25,"4,784",$0.18 ,857.3
DLTHCW,5/28/2021,1,RS,Intra Country,3,5/28/2021,76,"3,775",$0.36 ,1355
CVFCTE,5/28/2021,1,RS,Intra Country,3,5/28/2021,14,518,$0.69 ,359.65
FYDNSL,5/28/2021,1,RS,Intra Country,2,5/24/2021,17,"1,747",$1.08 ,1881.71
GDZQDJ,5/28/2021,1,RS,Intra Country,3,5/4/2021,38,"2,775",$0.32 ,877.71
THWEIT,5/28/2021,1,RS,Intra Country,2,4/22/2021,59,"5,123",$0.74 ,3776.77
GQQOUD,5/28/2021,1,OS,Intra Country,1,5/28/2021,16,439,$0.50 ,221.29
XCTYCE,5/28/2021,1,OS,Intra Country,1,5/28/2021,14,526,$0.30 ,155.52
MGPBCR,5/28/2021,1,RS,Intra Country,2,4/23/2021,54,"1,165",$0.62 ,727.54
LUXRQH,5/28/2021,1,RS,Intra Country,3,5/28/2021,112,"2,442",$0.24 ,580.55
MLLFAI,5/29/2021,1,RS,Inter Continental,10,4/20/2021,40,"16,475",$0.43 ,7163.75
GHNXFP,5/29/2021,1,RS,Intra Country,3,5/29/2021,111,"2,442",$0.24 ,580.55
TQKVAS,5/29/2021,1,RS,Intra Country,3,5/29/2021,111,"3,025",$0.14 ,420.76
ZQMCYJ,5/29/2021,1,RS,Intra Country,3,5/29/2021,111,"2,469",$0.22 ,544.07
GZACDM,5/29/2021,1,RS,Intra Country,3,5/29/2021,111,"2,442",$0.24 ,580.55
RTBNUM,5/31/2021,1,RS,Intra Country,3,5/31/2021,109,"3,025",$0.23 ,703.05
YVHRCY,3/5/2021,0,OS,Intra Continental,-1,3/17/2020,0,"-1,826",$0.29 ,524.45
CHCIDP,3/5/2021,0,OS,Intra Country,-1,3/16/2020,0,-241,$0.22 ,52.66
VPKYOK,3/5/2021,0,OS,Intra Continental,-1,3/17/2020,0,"-1,826",$0.02 ,41.05
ZHRLPT,4/7/2021,0,OS,Intra Continental,-1,3/17/2020,0,"-1,644",$0.35 ,580.37
IUSBDH,4/7/2021,0,OS,Intra Country,-1,3/16/2020,0,-555,$0.10 ,53.22
BQOSGM,4/8/2021,0,OS,Intra Country,-1,3/17/2020,0,"-1,540",$0.37 ,577.11
LMLLGW,4/9/2021,0,OS,Intra Country,-1,4/4/2020,0,-572,$0.17 ,98.34
VFBYFX,4/12/2021,0,OS,Intra Country,-1,3/31/2021,-1,-527,$0.78 ,411.3
QCUCVA,1/1/2021,0,OS,Intra Country,-1,1/9/2020,-15,-236,$0.11 ,26.32
RZXZNW,1/29/2021,1,OS,Intra Continental,1,1/27/2021,5,832,$0.53 ,439.2
RZGSSH,1/29/2021,1,OS,Intra Continental,1,1/27/2021,6,"1,044",$0.11 ,117.62
RZGSSH,1/29/2021,1,OS,Intra Country,1,1/27/2021,6,268,$0.91 ,243.14
YHVFRW,2/26/2021,0,RS,Intra Country,-2,2/24/2020,-9,-518,$0.07 ,37.58
DFVSUI,3/25/2021,1,OS,Intra Country,1,3/24/2021,1,205,$0.80 ,164.17
LLAGAU,3/26/2021,1,RS,Intra Country,1,3/25/2021,15,579,$0.18 ,106.18
EJXZBV,3/26/2021,1,RS,Intra Country,1,3/25/2021,15,579,$0.18 ,106.18
BDAOJY,4/30/2021,1,RS,Intra Continental,1,4/29/2021,15,638,$0.09 ,58.71
SFXXRH,5/6/2021,1,RS,Intra Continental,2,5/4/2021,13,"1,360",$0.39 ,529.51
QAXESO,5/7/2021,1,OS,Intra Continental,1,5/6/2021,12,775,$0.22 ,168.48
SFXXRH,5/13/2021,0,OS,Intra Continental,1,5/4/2021,14,680, $-   ,0
SFXXRH,5/13/2021,1,OS,Intra Continental,1,5/4/2021,13,967,$0.29 ,282.06
CGTHZS,5/13/2021,1,RS,Intra Country,2,5/13/2021,13,518,$0.65 ,335.8
XPSMVN,5/17/2021,1,RS,Intra Country,2,5/14/2021,13,631,$0.46 ,287.88
HVPOHL,5/19/2021,1,RS,Intra Country,1,5/19/2021,2,251,$3.37 ,846.36
XPSMVN,5/20/2021,0,RS,Intra Country,-2,5/14/2021,-13,-631,$0.06 ,36.61
DSBGPP,5/20/2021,1,RS,Intra Country,2,5/19/2021,8,631,$0.56 ,356.31
EFTSUV,5/20/2021,1,OS,Intra Country,1,5/20/2021,5,268,$0.30 ,79.13
UYMCBV,5/31/2021,1,RS,Intra Country,2,5/19/2021,8,631,$0.53 ,332.05
ULDPHJ,1/7/2021,0,RS,Intra Continental,-4,2/27/2020,-48,-461,$0.54 ,250.75
TGVOLE,2/27/2021,0,RS,Intra Continental,-4,2/27/2020,-48,-461,$0.53 ,246.34
QINKFM,3/11/2021,1,RS,Intra Country,7,3/11/2021,9,637,$0.42 ,266.77
QINKFM,3/11/2021,1,RS,Intra Continental,5,3/11/2021,10,"1,893",$0.18 ,346.87
YQCNNI,4/21/2021,1,RS,Intra Country,2,4/21/2021,6,592,$0.78 ,463.6
YQCNNI,4/28/2021,0,OS,Intra Country,1,4/21/2021,8,296,$0.51 ,149.92
ZKWQBQ,1/4/2021,0,RS,Intra Country,-3,12/17/2020,-20,-805,$0.26 ,212.25
RUERSU,1/13/2021,0,OS,Intra Continental,-1,2/18/2020,-30,-909,$0.17 ,150.47
FLWABI,1/20/2021,0,OS,Intra Continental,-1,1/22/2020,-44,-304,$0.41 ,123.66
ZMCNBU,1/21/2021,0,OS,Intra Continental,-1,1/22/2020,-43,-304,$0.13 ,39.55
AAXZOR,1/21/2021,0,OS,Intra Continental,-1,1/22/2020,-44,-438,$0.63 ,276.16
DMCLXU,1/25/2021,0,OS,Intra Continental,-1,1/28/2020,-44,-228,$0.13 ,30.27
WNQMMW,1/28/2021,0,RS,Intra Continental,-3,1/27/2020,-56,-634,$0.50 ,314.08
AJJBOE,1/29/2021,0,RS,Intra Continental,-2,1/30/2020,-28,-461,$0.16 ,72.8
DMCLXU,1/29/2021,1,OS,Intra Continental,1,1/28/2020,44,228,$0.13 ,30.27
DMCLXU,1/29/2021,0,OS,Intra Continental,-1,1/28/2020,-44,-228,$0.13 ,30.27
FLWABI,1/29/2021,1,OS,Intra Continental,1,1/22/2020,44,304,$0.41 ,123.66
FLWABI,1/29/2021,0,OS,Intra Continental,-1,1/22/2020,-44,-304,$0.41 ,123.66
XYBJKS,2/3/2021,0,RS,Intra Continental,-2,2/3/2020,-37,-297,$1.85 ,550.24
ESICRI,2/3/2021,0,RS,Intra Continental,-2,2/3/2020,-50,-829,$0.34 ,281.51
QAAJXB,2/5/2021,0,RS,Intra Continental,-2,2/3/2020,-50,-829,$0.34 ,280.62
RAKGBE,2/18/2021,0,RS,Intra Continental,-2,1/17/2020,-48,-607,$0.12 ,71.17
XMUJRM,2/18/2021,0,RS,Intra Continental,-3,1/27/2020,-56,-634,$0.51 ,320.6
GQWLRW,2/18/2021,0,OS,Intra Continental,-1,1/27/2020,-44,-317,$0.08 ,26.37
WFDUPI,2/18/2021,0,RS,Intra Continental,-2,1/27/2020,-44,-461,$0.16 ,74.4
RUVARB,3/3/2021,0,RS,Intra Continental,-2,3/4/2020,-56,-461,$0.83 ,383.98
UMHPEM,3/4/2021,0,RS,Intra Continental,-3,2/27/2020,-20,-461,$0.51 ,233.58
CZVNOL,3/4/2021,0,OS,Intra Continental,-1,3/4/2020,-19,"-1,074",$0.19 ,204.99
UHDFNJ,3/15/2021,1,RS,Intra Continental,3,3/4/2021,18,"1,914",$0.35 ,678.03
XRXFMS,3/15/2021,1,RS,Intra Continental,4,3/4/2021,19,"1,991",$0.17 ,344.99
VXPXTQ,3/15/2021,1,OS,Intra Continental,1,3/4/2021,20,"1,308",$0.32 ,421.12
ZZTUWC,3/15/2021,1,OS,Intra Continental,1,3/4/2021,18,"1,154",$0.18 ,203.93
VXPXTQ,3/18/2021,0,OS,Intra Continental,1,3/4/2021,20,"1,126", $-   ,0
KZANFW,4/29/2021,1,RS,Intra Continental,3,4/28/2021,12,980,$0.38 ,371.65
MCPXUF,4/29/2021,1,RS,Intra Continental,3,4/28/2021,12,980,$0.38 ,371.65
XKGILU,5/13/2021,1,RS,Intra Country,2,5/10/2021,38,670,$0.41 ,271.73
IJYRNA,5/13/2021,1,OS,Intra Country,1,5/10/2021,37,332,$0.61 ,201.37
XLARHA,5/13/2021,1,OS,Intra Country,1,5/10/2021,38,317,$0.25 ,80.3
JSYDAD,5/14/2021,1,RS,Intra Country,3,5/13/2021,34,805,$0.71 ,574.9
AWYVDQ,5/17/2021,1,RS,Intra Country,3,5/13/2021,34,805,$0.56 ,450.57
DFMPZA,2/5/2021,0,RS,Intra Continental,-2,2/3/2020,-45,-496,$0.58 ,288.38
IAKXRQ,2/15/2021,0,RS,Intra Continental,-2,1/28/2020,-43,-579,$0.22 ,126.47
SCVCWA,2/15/2021,0,OS,Intra Continental,-1,1/29/2020,-36,-605,$0.10 ,62.83
KFVXFQ,2/17/2021,0,RS,Intra Continental,-2,1/9/2020,-56,"-1,225",$0.04 ,50.26
XQHEGO,2/18/2021,0,RS,Intra Continental,-2,1/27/2020,-38,"-1,235",$0.06 ,70.04
LXCUJB,2/18/2021,0,RS,Intra Continental,-1,1/23/2020,-43,-391,$0.10 ,39.95
AAVLLP,2/23/2021,0,RS,Intra Country,-2,2/24/2020,-38,-457,$0.86 ,394.39
ZFFFAF,3/2/2021,0,RS,Intra Continental,-3,3/6/2020,-5,"-2,413",$0.34 ,819.08
MTIUYW,3/3/2021,0,RS,Intra Country,-2,2/27/2020,-35,"-1,032",$0.56 ,577.22
USWYBW,3/4/2021,0,RS,Intra Continental,-2,2/27/2020,-13,"-1,249",$0.06 ,80.88
ZIQSDQ,5/13/2021,1,RS,Intra Country,2,5/11/2021,26,466,$1.00 ,468.13
KOTBFT,1/7/2021,0,RS,Intra Country,-2,1/10/2020,-19,"-1,350",$0.07 ,98.72
TXZYKV,1/9/2021,0,RS,Intra Country,-2,1/10/2020,-17,-712,$0.10 ,71.96
CXXMBH,1/27/2021,0,OS,Intra Continental,-1,1/27/2020,-9,-303,$0.13 ,39.51
KOTBFT,1/30/2021,1,RS,Intra Country,2,1/10/2020,19,"1,350",$0.07 ,94.97
KOTBFT,1/30/2021,0,RS,Intra Country,-2,1/10/2020,-19,"-1,350",$0.07 ,94.97
TXZYKV,2/1/2021,1,RS,Intra Country,2,1/10/2020,17,712,$0.10 ,71.1
TXZYKV,2/1/2021,0,RS,Intra Country,-2,1/10/2020,-17,-712,$0.10 ,71.1
RRTAFM,2/3/2021,0,RS,Intra Continental,-3,2/3/2020,-45,"-1,048",$0.04 ,46.67
BTMDDL,2/18/2021,0,OS,Intra Continental,-1,1/27/2020,-45,-630,$0.30 ,190.55
SZLRKP,2/25/2021,0,OM,Intra Continental,-3,2/24/2020,-24,"-1,484",$0.06 ,87.39
UNGZYG,3/3/2021,0,RS,Intra Country,-3,2/27/2020,-21,-512,$0.54 ,275.31
UNGZYG,3/31/2021,0,OS,Intra Continental,-1,2/27/2020,-21,-524,$0.04 ,22.2
UB9L9G,2/20/2021,1,OS,Intra Country,1,2/20/2021,2,147,$0.39 ,58.16
MN7OOH,2/27/2021,1,OS,Intra Country,1,2/27/2021,1,316,$0.18 ,55.55
M222EC,3/13/2021,1,OS,Intra Country,1,3/13/2021,4,533,$0.14 ,73.1
M222EC,3/13/2021,1,OS,Intra Country,1,3/13/2021,4,533,$0.14 ,72.1
L69CJI,3/29/2021,1,OS,Intra Country,1,3/27/2021,1,672,$0.10 ,65.1
W4UWMJ,2/2/2021,1,RS,Intra Country,3,2/2/2021,1,"1,841",$0.11 ,210.99
SOVLLS,2/2/2021,1,RS,Intra Country,2,2/1/2021,0,769,$0.16 ,124.6
NNGDF9,2/4/2021,1,RS,Intra Country,2,2/4/2021,1,631,$0.20 ,125.81
QMAGP8,2/5/2021,1,RS,Intra Country,4,2/5/2021,3,"1,841",$0.11 ,209.18
LEJVOR,2/8/2021,1,OS,Intra Country,1,2/8/2021,0,471,$0.15 ,69.7
LEJVOR,2/8/2021,1,OS,Intra Country,1,2/8/2021,1,471,$0.14 ,64.41
NONGDS,2/11/2021,1,OS,Intra Country,1,1/29/2021,0,385,$0.17 ,63.85
NONGDS,2/11/2021,1,OS,Intra Country,1,1/29/2021,1,385,$0.16 ,61.24
UAZ98M,2/25/2021,1,RS,Intra Country,1,2/25/2021,1,942,$0.15 ,142.48
MBK3CM,3/1/2021,1,OS,Intra Country,1,2/27/2021,0,707,$0.13 ,93.27
NONGDS,3/3/2021,1,OS,Intra Country,1,2/26/2021,1,144,$0.39 ,55.56
NONGDS,3/4/2021,1,OS,Intra Country,1,2/24/2021,2,471,$0.14 ,63.65
NONGDS,3/4/2021,1,OS,Intra Country,1,2/24/2021,4,471,$0.14 ,64.58
NONGDS,3/4/2021,1,OS,Intra Country,1,2/24/2021,3,577,$0.04 ,20.58
NONGDS,3/4/2021,1,OS,Intra Country,1,2/24/2021,3,577,$0.28 ,159.91
NONGDS,3/4/2021,0,OS,Intra Country,-1,2/24/2021,-3,-577,$0.06 ,35.75
SBL94L,3/6/2021,1,OS,Intra Country,1,3/6/2021,1,383,$0.13 ,49.86
SBL94L,3/6/2021,1,OS,Intra Country,1,3/6/2021,2,383,$0.15 ,56.91
NONGDS,3/6/2021,1,OS,Intra Country,1,2/24/2021,2,577,$0.13 ,73.52
T559BR,3/6/2021,1,OS,Intra Country,1,3/6/2021,0,471,$0.41 ,192.17
T559BR,3/6/2021,1,OS,Intra Country,1,3/6/2021,1,471,$0.13 ,63.41
O6R62C,3/23/2021,1,OS,Intra Country,1,3/23/2021,1,147,$0.32 ,46.71
UN5CCL,3/30/2021,1,OS,Intra Country,1,3/30/2021,2,585,$0.08 ,49.22
UPKCGG,3/30/2021,1,OS,Intra Country,1,3/30/2021,2,585,$0.10 ,59.29
LRJK5Q,4/1/2021,1,OS,Intra Country,1,4/1/2021,0,585,$0.09 ,55.36
NONGDS,4/2/2021,1,OS,Intra Country,1,2/27/2021,0,144,$0.29 ,42.02
NONGDS,4/2/2021,1,OS,Intra Country,2,2/26/2021,0,144,$0.32 ,46.06
NUQ4ZJ,4/6/2021,1,OS,Intra Country,1,4/6/2021,1,276,$0.16 ,44.57
UPKCGG,4/6/2021,0,OS,Intra Country,-1,3/30/2021,-2,-585,$0.10 ,57.87
NONGDS,4/14/2021,0,OS,Intra Country,-2,2/26/2021,0,-144,$0.28 ,40.31
QMAGP8,4/15/2021,0,RS,Intra Country,-4,2/5/2021,-3,"-1,841",$0.04 ,75.96
ODQZ3E,1/7/2021,1,OS,Intra Country,1,1/7/2021,0,425,$0.11 ,46.11
RCS6J7,1/8/2021,1,OS,Intra Country,1,1/8/2021,2,"1,080",$0.07 ,79.69
RCS6J7,1/8/2021,1,OS,Intra Country,1,1/8/2021,2,"1,080",$0.06 ,65.64
LN2MQB,1/20/2021,1,RS,Intra Country,1,1/20/2021,3,769,$0.16 ,121.87
LN2UQ2,1/20/2021,1,RS,Intra Country,1,1/20/2021,3,769,$0.16 ,121.87
S38D6R,2/24/2021,1,RS,Intra Country,3,2/24/2021,5,630,$0.26 ,165.39
L6NKBL,3/8/2021,1,RS,Intra Country,3,3/8/2021,2,630,$0.27 ,167.6
GENTGR,5/6/2021,1,OS,Intra Country,1,5/6/2021,14,595,$0.17 ,102.7
SOL5DZ,5/6/2021,1,OS,Intra Country,1,5/6/2021,15,595,$0.16 ,98.11
SPEEOU,5/6/2021,1,OS,Intra Country,1,5/6/2021,15,595,$0.16 ,98.11
SPSCYL,5/6/2021,1,OS,Intra Country,1,5/6/2021,15,595,$0.16 ,98.11
VMXBOU,5/7/2021,1,RS,Intra Country,2,5/7/2021,13,672,$0.16 ,105.21
L4D2ZD,5/13/2021,1,RS,Intra Country,2,5/13/2021,7,672,$0.36 ,243.86
L5CNJI,5/13/2021,1,RS,Intra Country,2,5/13/2021,7,442,$0.34 ,151.65
RNQBW3,3/30/2021,1,RS,Inter Continental,4,3/30/2021,35,"9,370",$0.61 ,5696.27
RG4JFE,3/30/2021,1,RS,Inter Continental,4,3/30/2021,35,"9,370",$0.61 ,5696.27
UDLXOK,3/30/2021,1,OS,Intra Country,1,3/30/2021,17,595,$0.20 ,118.46
NONGDS,3/30/2021,1,OS,Intra Country,1,3/30/2021,17,595,$0.02 ,11.74
UE5D8L,3/31/2021,1,OS,Intra Country,1,3/31/2021,16,595,$0.22 ,128.32
RNQBW3,4/16/2021,0,RS,Inter Continental,4,4/16/2021,18,"9,370", $-   ,0
RG4JFE,4/16/2021,0,RS,Inter Continental,4,4/16/2021,18,"9,370", $-   ,0
QMC4RY,5/10/2021,1,OS,Intra Country,1,5/10/2021,17,595,$0.13 ,74.96
QR337M,5/10/2021,1,OS,Intra Country,1,5/10/2021,18,628,$0.25 ,154.93
NTC42V,5/14/2021,1,RS,Intra Country,2,5/14/2021,3,"1,013",$0.39 ,391.86
TRZGOX,3/3/2021,0,RS,Intra Continental,-2,3/2/2020,-30,-848,$0.66 ,561.92
VUHQYP,1/15/2021,0,RS,Inter Continental,-4,2/18/2020,-26,"-8,207",$0.11 ,940.19
JAVTAQ,1/15/2021,0,RS,Inter Continental,-4,2/18/2020,-26,"-8,207",$0.11 ,940.19
DOXMJG,2/26/2021,1,RS,Intra Country,2,2/26/2021,4,"1,240",$0.11 ,141.24
MLWZLM,3/18/2021,1,OS,Intra Country,1,3/18/2021,2,"1,006",$0.14 ,142.43
MLWZLM,3/18/2021,1,OS,Intra Country,1,3/18/2021,4,"1,006",$0.06 ,61.22
LCYCWS,4/15/2021,1,OS,Intra Country,1,4/15/2021,2,"1,006",$0.11 ,109.89
LCYCWS,4/15/2021,1,OS,Intra Country,1,4/15/2021,9,"1,006",$0.06 ,62.49
LHCYDZ,4/15/2021,1,OS,Intra Country,1,4/15/2021,2,"1,006",$0.11 ,109.89
LHCYDZ,4/15/2021,1,OS,Intra Country,1,4/15/2021,9,"1,006",$0.06 ,62.49
GKWTCD,4/21/2021,1,RS,Intra Country,4,4/21/2021,5,900,$0.13 ,115.89
URCWPI,5/17/2021,1,RS,Intra Country,2,5/17/2021,2,900,$0.13 ,115.15
JHQAJO,5/28/2021,1,RS,Intra Country,6,5/28/2021,1,900,$0.13 ,114.55
JJTDPD,2/16/2021,0,RS,Intra Continental,-4,12/19/2019,-61,"-1,763",$0.21 ,370.57
NONGDS,2/23/2021,0,RS,Intra Country,-1,3/25/2020,0,-627,$0.03 ,18.27
NONGDS,2/23/2021,1,RS,Intra Country,1,3/25/2020,0,627,$0.03 ,18.27
FYHWHP,1/14/2021,1,RS,Intra Country,2,1/14/2021,19,341,$0.53 ,180.33
IYPJQF,1/27/2021,1,RS,Intra Country,2,1/27/2021,6,270,$0.99 ,268
DTISNF,1/27/2021,1,OS,Intra Country,1,1/27/2021,7,226,$0.64 ,143.81
QVQVNF,5/13/2021,1,OS,Intra Country,1,5/13/2021,20,183,$0.51 ,92.68
JIFQZK,5/13/2021,1,OS,Intra Country,1,5/13/2021,21,110,$0.92 ,101.11
ZUTKHR,2/25/2021,0,RS,Intra Continental,-2,2/24/2020,-45,-432,$0.78 ,338.09
UXHQSN,3/12/2021,0,RS,Intra Continental,-2,3/4/2020,-43,"-1,349",$0.28 ,383.7
